zRot,x,y,z,cut,energy,HV,HJ,HCDR3,KV,KJ,KCDR3,LV,LJ,LCDR3
60.0,-5.0,-10.0,3.75,1,14737981253.0,79,3,11,43,2,193,,,
60.0,-5.0,-10.0,3.75,2,14742948071.0,79,3,11,43,2,83,,,
60.0,-5.0,-10.0,3.75,3,14749325613.8,79,3,11,43,2,79,,,
60.0,-5.0,-10.0,3.75,4,14752537126.6,79,3,11,43,2,63,,,
60.0,-5.0,-10.0,3.75,5,14762653615.3,133,3,11,43,2,17,,,
60.0,-2.5,-10.0,3.75,1,32199906047.4,43,4,3,,,,22,5,30
60.0,-2.5,-10.0,3.75,2,32199906086.1,44,4,3,,,,22,5,30
60.0,-2.5,-10.0,3.75,3,32199906161.8,46,4,3,,,,22,5,30
60.0,-2.5,-10.0,3.75,4,32199906236.9,79,4,3,,,,22,5,30
60.0,-2.5,-10.0,3.75,5,32199906261.0,80,4,3,,,,22,5,30
60.0,0.0,-10.0,3.75,1,27463313531.8,135,5,173,53,3,105,,,
60.0,0.0,-10.0,3.75,2,27463313546.3,137,5,173,53,3,105,,,
60.0,0.0,-10.0,3.75,3,27463313690.6,110,5,173,53,3,105,,,
60.0,0.0,-10.0,3.75,4,27463313706.8,123,5,173,53,3,105,,,
60.0,0.0,-10.0,3.75,5,27463313730.2,134,5,173,53,3,105,,,
60.0,2.5,-10.0,3.75,1,32145090278.8,82,4,274,18,4,162,,,
60.0,2.5,-10.0,3.75,2,32145090229.9,82,4,51,5,4,162,,,
60.0,2.5,-10.0,3.75,3,32145090230.0,82,4,354,5,4,162,,,
60.0,2.5,-10.0,3.75,4,32145090252.6,82,4,276,5,4,162,,,
60.0,2.5,-10.0,3.75,5,32145090266.0,82,4,351,5,4,162,,,
60.0,5.0,-10.0,3.75,1,22373746807.5,8,1,3,15,3,136,,,
60.0,5.0,-10.0,3.75,2,22373747055.8,8,1,3,6,3,136,,,
60.0,5.0,-10.0,3.75,3,22373747077.4,8,1,3,13,3,136,,,
60.0,5.0,-10.0,3.75,4,22373747079.9,8,1,3,7,3,136,,,
60.0,5.0,-10.0,3.75,5,22373747083.2,8,1,3,14,3,136,,,
60.0,7.5,-10.0,3.75,1,20339861026.6,8,5,262,18,4,40,,,
60.0,7.5,-10.0,3.75,2,20339861052.0,8,5,262,34,4,40,,,
60.0,7.5,-10.0,3.75,3,20339861128.8,8,5,69,18,4,40,,,
60.0,7.5,-10.0,3.75,4,20339861133.1,8,5,267,18,4,40,,,
60.0,7.5,-10.0,3.75,5,20339861140.0,8,5,325,18,4,40,,,
60.0,10.0,-10.0,3.75,1,10063671395.4,12,3,8,44,4,41,,,
60.0,10.0,-10.0,3.75,2,10063671424.8,12,3,8,1,4,41,,,
60.0,10.0,-10.0,3.75,3,10063671445.9,12,3,8,36,4,41,,,
60.0,10.0,-10.0,3.75,4,10063671452.8,12,3,8,65,5,41,,,
60.0,10.0,-10.0,3.75,5,10063671488.9,12,3,8,59,5,41,,,
60.0,-5.0,-7.5,3.75,1,17469033224.3,108,4,1,18,5,175,,,
60.0,-5.0,-7.5,3.75,2,17469033285.0,116,4,1,18,5,175,,,
60.0,-5.0,-7.5,3.75,3,17469033323.6,138,4,1,18,5,175,,,
60.0,-5.0,-7.5,3.75,4,17469033499.8,106,4,1,18,5,175,,,
60.0,-5.0,-7.5,3.75,5,17469033574.0,103,4,1,18,5,175,,,
60.0,-2.5,-7.5,3.75,1,25356660432.5,79,1,203,53,3,85,,,
60.0,-2.5,-7.5,3.75,2,25356660524.1,80,1,203,53,3,85,,,
60.0,-2.5,-7.5,3.75,3,25356660650.3,118,1,203,53,3,85,,,
60.0,-2.5,-7.5,3.75,4,25356660659.8,119,1,203,53,3,85,,,
60.0,-2.5,-7.5,3.75,5,25356660664.8,122,1,203,53,3,85,,,
60.0,0.0,-7.5,3.75,1,30412623999.8,46,5,276,61,1,114,,,
60.0,0.0,-7.5,3.75,2,30412624017.6,46,5,276,64,1,114,,,
60.0,0.0,-7.5,3.75,3,30412624018.1,46,5,276,52,1,114,,,
60.0,0.0,-7.5,3.75,4,30412624026.7,46,5,276,51,1,114,,,
60.0,0.0,-7.5,3.75,5,30412625037.8,102,5,276,61,1,114,,,
60.0,2.5,-7.5,3.75,1,35211861447.7,138,4,396,,,,22,5,20
60.0,2.5,-7.5,3.75,2,35211861456.8,138,4,396,,,,18,5,20
60.0,2.5,-7.5,3.75,3,35211861820.8,123,5,396,,,,22,5,20
60.0,2.5,-7.5,3.75,4,35211861829.9,123,5,396,,,,18,5,20
60.0,2.5,-7.5,3.75,5,35211861809.2,108,4,396,,,,22,5,20
60.0,5.0,-7.5,3.75,1,23516512102.8,17,3,4,36,1,136,,,
60.0,5.0,-7.5,3.75,2,23516512183.2,17,3,4,5,1,136,,,
60.0,5.0,-7.5,3.75,3,23516512211.9,17,3,4,8,1,136,,,
60.0,5.0,-7.5,3.75,4,23516512213.1,17,3,4,1,1,136,,,
60.0,5.0,-7.5,3.75,5,23516512243.1,17,3,4,17,1,136,,,
60.0,7.5,-7.5,3.75,1,11218311234.7,43,3,40,38,2,119,,,
60.0,7.5,-7.5,3.75,2,11218311893.7,43,3,40,5,2,119,,,
60.0,7.5,-7.5,3.75,3,11218311912.8,43,3,40,4,2,119,,,
60.0,7.5,-7.5,3.75,4,11218420615.6,43,3,40,61,3,119,,,
60.0,7.5,-7.5,3.75,5,11218420639.4,43,3,40,58,3,119,,,
60.0,10.0,-7.5,3.75,1,10150550630.6,54,3,3,9,2,159,,,
60.0,10.0,-7.5,3.75,2,10150550642.1,54,3,3,17,2,159,,,
60.0,10.0,-7.5,3.75,3,10150550783.4,54,3,3,6,4,159,,,
60.0,10.0,-7.5,3.75,4,10150550854.1,54,3,3,58,4,159,,,
60.0,10.0,-7.5,3.75,5,10150550935.9,54,3,3,7,4,159,,,
60.0,-5.0,-5.0,3.75,1,14530878904.9,102,5,5,4,3,37,,,
60.0,-5.0,-5.0,3.75,2,14530879012.5,80,5,5,4,3,37,,,
60.0,-5.0,-5.0,3.75,3,14530879014.4,79,5,5,4,3,37,,,
60.0,-5.0,-5.0,3.75,4,14530879083.7,132,5,5,4,3,37,,,
60.0,-5.0,-5.0,3.75,5,14530879101.5,134,5,5,4,3,37,,,
60.0,-2.5,-5.0,3.75,1,32922426857.9,132,1,8,53,3,120,,,
60.0,-2.5,-5.0,3.75,2,32922426865.2,138,1,8,53,3,120,,,
60.0,-2.5,-5.0,3.75,3,32922426872.1,134,1,8,53,3,120,,,
60.0,-2.5,-5.0,3.75,4,32922426913.8,137,1,8,53,3,120,,,
60.0,-2.5,-5.0,3.75,5,32922426920.4,135,1,8,53,3,120,,,
60.0,0.0,-5.0,3.75,1,23568768762.4,110,5,51,51,3,84,,,
60.0,0.0,-5.0,3.75,2,23568768788.8,110,5,51,52,3,84,,,
60.0,0.0,-5.0,3.75,3,23568768806.6,110,5,51,18,3,84,,,
60.0,0.0,-5.0,3.75,4,23568768820.5,110,5,51,7,3,84,,,
60.0,0.0,-5.0,3.75,5,23568768903.0,110,5,51,61,3,84,,,
60.0,2.5,-5.0,3.75,1,22095836658.1,44,4,21,7,3,94,,,
60.0,2.5,-5.0,3.75,2,22095836849.3,44,4,21,6,3,94,,,
60.0,2.5,-5.0,3.75,3,22095836875.4,44,4,21,61,3,94,,,
60.0,2.5,-5.0,3.75,4,22095836883.8,44,4,21,64,3,94,,,
60.0,2.5,-5.0,3.75,5,22095836912.1,44,4,21,51,3,94,,,
60.0,5.0,-5.0,3.75,1,21638472416.3,17,3,200,44,1,80,,,
60.0,5.0,-5.0,3.75,2,21638472447.7,17,3,8,44,1,80,,,
60.0,5.0,-5.0,3.75,3,21638472453.9,17,3,8,56,1,80,,,
60.0,5.0,-5.0,3.75,4,21638472466.7,17,3,8,59,1,80,,,
60.0,5.0,-5.0,3.75,5,21638472469.0,17,3,367,61,1,80,,,
60.0,7.5,-5.0,3.75,1,11427608990.2,82,4,24,19,1,95,,,
60.0,7.5,-5.0,3.75,2,11427609117.5,82,4,24,57,1,95,,,
60.0,7.5,-5.0,3.75,3,11427609119.0,82,4,24,55,1,95,,,
60.0,7.5,-5.0,3.75,4,11427609122.2,82,4,24,4,1,95,,,
60.0,7.5,-5.0,3.75,5,11427609144.8,82,4,24,44,1,95,,,
60.0,10.0,-5.0,3.75,1,10126662479.9,102,5,3,5,4,99,,,
60.0,10.0,-5.0,3.75,2,10126662562.6,102,5,3,4,4,99,,,
60.0,10.0,-5.0,3.75,3,10126662563.0,102,5,3,17,4,99,,,
60.0,10.0,-5.0,3.75,4,10126662642.8,102,5,3,36,4,99,,,
60.0,10.0,-5.0,3.75,5,10126662705.1,102,5,3,1,4,99,,,
60.0,-5.0,-2.5,3.75,1,32821257244.2,79,3,10,8,3,27,,,
60.0,-5.0,-2.5,3.75,2,32821257358.8,30,3,10,8,3,27,,,
60.0,-5.0,-2.5,3.75,3,35259860475.1,17,3,49,8,3,27,,,
60.0,-5.0,-2.5,3.75,4,35259860497.6,79,3,151,8,3,27,,,
60.0,-5.0,-2.5,3.75,5,35259860553.2,17,3,80,8,3,27,,,
60.0,-2.5,-2.5,3.75,1,31686965826.5,108,1,65,34,4,179,,,
60.0,-2.5,-2.5,3.75,2,31686965867.9,108,1,65,58,4,179,,,
60.0,-2.5,-2.5,3.75,3,31686965885.5,107,1,65,34,4,179,,,
60.0,-2.5,-2.5,3.75,4,31686965926.9,107,1,65,58,4,179,,,
60.0,-2.5,-2.5,3.75,5,31686965909.9,103,1,65,34,4,179,,,
60.0,0.0,-2.5,3.75,1,24228243476.2,79,3,187,58,3,134,,,
60.0,0.0,-2.5,3.75,2,24228243480.4,79,3,187,59,3,134,,,
60.0,0.0,-2.5,3.75,3,24228243486.1,41,3,187,58,3,134,,,
60.0,0.0,-2.5,3.75,4,24228243492.9,79,3,187,56,3,134,,,
60.0,0.0,-2.5,3.75,5,24228243495.9,79,3,187,63,3,134,,,
60.0,2.5,-2.5,3.75,1,23461951221.8,102,5,42,5,3,86,,,
60.0,2.5,-2.5,3.75,2,23461951421.3,102,5,42,7,3,86,,,
60.0,2.5,-2.5,3.75,3,23461951441.4,102,5,42,10,3,86,,,
60.0,2.5,-2.5,3.75,4,23461951447.9,102,5,42,4,3,86,,,
60.0,2.5,-2.5,3.75,5,23461951454.4,102,5,42,1,3,86,,,
60.0,5.0,-2.5,3.75,1,32388221121.7,12,3,289,,,,37,5,29
60.0,5.0,-2.5,3.75,2,32388221133.2,12,3,289,,,,37,5,5
60.0,5.0,-2.5,3.75,3,32388221194.2,12,3,289,,,,37,5,16
60.0,5.0,-2.5,3.75,4,32388221222.9,12,3,289,,,,37,5,12
60.0,5.0,-2.5,3.75,5,32388221250.0,12,3,289,,,,37,5,9
60.0,7.5,-2.5,3.75,1,12264540373.9,80,4,1,6,4,89,,,
60.0,7.5,-2.5,3.75,2,12264540376.1,80,4,1,7,4,89,,,
60.0,7.5,-2.5,3.75,3,13034454415.6,80,4,1,43,2,31,,,
60.0,7.5,-2.5,3.75,4,13034454457.4,80,4,1,40,2,31,,,
60.0,7.5,-2.5,3.75,5,13034454529.0,80,4,1,33,2,31,,,
60.0,10.0,-2.5,3.75,1,10166019505.6,93,4,2,62,5,117,,,
60.0,10.0,-2.5,3.75,2,10166019836.6,93,4,2,1,5,117,,,
60.0,10.0,-2.5,3.75,3,10166019923.5,93,4,2,58,5,117,,,
60.0,10.0,-2.5,3.75,4,10166019968.8,93,4,2,17,5,117,,,
60.0,10.0,-2.5,3.75,5,10166019976.7,93,4,2,64,5,117,,,
60.0,-5.0,0.0,3.75,1,31129733847.5,12,3,80,54,5,77,,,
60.0,-5.0,0.0,3.75,2,31129733918.1,12,3,80,54,5,176,,,
60.0,-5.0,0.0,3.75,3,31129733966.8,12,3,80,54,5,41,,,
60.0,-5.0,0.0,3.75,4,31129733971.2,12,3,80,54,5,175,,,
60.0,-5.0,0.0,3.75,5,31129734035.2,12,3,80,54,5,110,,,
60.0,-2.5,0.0,3.75,1,32727938061.3,30,5,1,53,3,25,,,
60.0,-2.5,0.0,3.75,2,32727938069.2,30,5,1,65,3,25,,,
60.0,-2.5,0.0,3.75,3,32727938080.9,30,5,1,18,3,25,,,
60.0,-2.5,0.0,3.75,4,32727938195.4,30,5,1,53,3,61,,,
60.0,-2.5,0.0,3.75,5,32727938190.1,30,5,1,53,3,27,,,
60.0,0.0,0.0,3.75,1,34942543377.0,92,5,9,,,,32,1,31
60.0,0.0,0.0,3.75,2,34942543382.9,92,5,9,,,,31,1,31
60.0,0.0,0.0,3.75,3,34942543648.1,102,5,9,,,,32,1,7
60.0,0.0,0.0,3.75,4,34942543652.0,102,5,9,,,,32,1,31
60.0,0.0,0.0,3.75,5,34942543684.4,102,5,9,,,,32,1,12
60.0,2.5,0.0,3.75,1,21981981840.7,102,5,1,43,1,15,,,
60.0,2.5,0.0,3.75,2,21981981950.0,111,2,1,43,1,15,,,
60.0,2.5,0.0,3.75,3,21981981952.1,114,2,1,43,1,15,,,
60.0,2.5,0.0,3.75,4,21981981968.3,12,3,1,43,1,15,,,
60.0,2.5,0.0,3.75,5,21981982097.8,17,3,1,43,1,15,,,
60.0,5.0,0.0,3.75,1,13096112590.2,43,3,24,,,,17,5,6
60.0,5.0,0.0,3.75,2,13096112723.7,43,3,24,,,,22,5,6
60.0,5.0,0.0,3.75,3,13096112797.5,43,3,24,,,,18,5,6
60.0,5.0,0.0,3.75,4,13106083887.9,44,3,24,,,,17,5,6
60.0,5.0,0.0,3.75,5,13106084021.4,44,3,24,,,,22,5,6
60.0,7.5,0.0,3.75,1,11273228706.5,17,3,3,,,,17,5,10
60.0,7.5,0.0,3.75,2,11273228796.9,17,3,3,,,,18,5,10
60.0,7.5,0.0,3.75,3,11273228863.3,17,3,3,,,,22,5,10
60.0,7.5,0.0,3.75,4,11289168578.4,17,3,3,,,,17,5,22
60.0,7.5,0.0,3.75,5,11289168668.8,17,3,3,,,,18,5,22
60.0,10.0,0.0,3.75,1,10001314967.4,8,5,1,,,,25,5,34
60.0,10.0,0.0,3.75,2,10001315127.1,8,5,1,,,,28,5,34
60.0,10.0,0.0,3.75,3,10001315238.5,8,5,1,,,,37,5,34
60.0,10.0,0.0,3.75,4,10001315254.1,8,5,1,,,,29,5,34
60.0,10.0,0.0,3.75,5,10001315276.6,8,5,1,,,,23,5,34
60.0,-5.0,2.5,3.75,1,30780557589.2,126,2,262,,,,32,6,11
60.0,-5.0,2.5,3.75,2,30780557673.1,111,2,262,,,,32,6,20
60.0,-5.0,2.5,3.75,3,30780557701.3,111,2,262,,,,32,6,29
60.0,-5.0,2.5,3.75,4,30780557726.0,111,2,262,,,,32,6,35
60.0,-5.0,2.5,3.75,5,30780557771.8,111,2,262,,,,32,6,11
60.0,-2.5,2.5,3.75,1,32854123235.6,114,2,2,40,2,94,,,
60.0,-2.5,2.5,3.75,2,32854123238.5,80,1,2,40,2,94,,,
60.0,-2.5,2.5,3.75,3,32854123238.9,79,3,2,40,2,94,,,
60.0,-2.5,2.5,3.75,4,32854123269.3,111,2,2,40,2,94,,,
60.0,-2.5,2.5,3.75,5,32854123329.2,114,2,2,34,2,94,,,
60.0,0.0,2.5,3.75,1,32388210723.1,70,1,10,36,1,157,,,
60.0,0.0,2.5,3.75,2,32388210939.0,70,1,10,36,1,35,,,
60.0,0.0,2.5,3.75,3,32388210941.5,70,1,10,36,1,173,,,
60.0,0.0,2.5,3.75,4,32388210987.4,70,1,10,36,1,82,,,
60.0,0.0,2.5,3.75,5,32388211006.3,70,1,10,61,1,87,,,
60.0,2.5,2.5,3.75,1,21873041498.6,134,4,13,,,,36,5,29
60.0,2.5,2.5,3.75,2,21873041515.5,134,4,13,,,,25,5,29
60.0,2.5,2.5,3.75,3,21873041590.3,134,4,13,,,,37,5,29
60.0,2.5,2.5,3.75,4,21873041693.3,134,4,13,,,,29,5,29
60.0,2.5,2.5,3.75,5,21873041798.0,134,4,13,,,,28,5,29
60.0,5.0,2.5,3.75,1,11891365469.7,123,5,2,5,4,79,,,
60.0,5.0,2.5,3.75,2,11891365611.0,123,5,2,4,4,79,,,
60.0,5.0,2.5,3.75,3,11891365727.3,123,5,2,1,4,79,,,
60.0,5.0,2.5,3.75,4,11891365737.6,123,5,2,36,4,79,,,
60.0,5.0,2.5,3.75,5,11891365760.4,123,5,2,34,4,79,,,
60.0,7.5,2.5,3.75,1,11821153911.6,80,5,2,19,4,36,,,
60.0,7.5,2.5,3.75,2,11821154059.1,80,5,2,34,4,36,,,
60.0,7.5,2.5,3.75,3,11821154199.9,80,5,2,18,4,36,,,
60.0,7.5,2.5,3.75,4,11821154258.0,80,5,2,5,4,36,,,
60.0,7.5,2.5,3.75,5,11821154317.5,80,5,2,4,4,36,,,
60.0,10.0,2.5,3.75,1,10005076804.1,17,5,1,,,,29,5,21
60.0,10.0,2.5,3.75,2,10005076810.7,118,1,1,,,,29,5,21
60.0,10.0,2.5,3.75,3,10005076810.8,117,1,1,,,,29,5,21
60.0,10.0,2.5,3.75,4,10005076810.9,122,1,1,,,,29,5,21
60.0,10.0,2.5,3.75,5,10005076839.0,43,5,1,,,,29,5,21
60.0,-5.0,5.0,3.75,1,27946808641.8,46,4,24,19,4,97,,,
60.0,-5.0,5.0,3.75,2,27946808647.7,46,4,24,4,4,97,,,
60.0,-5.0,5.0,3.75,3,27946808651.4,46,4,24,58,4,97,,,
60.0,-5.0,5.0,3.75,4,27946808668.8,46,4,24,5,4,97,,,
60.0,-5.0,5.0,3.75,5,27946808803.3,46,4,24,38,4,97,,,
60.0,-2.5,5.0,3.75,1,25323202132.7,79,5,60,36,3,29,,,
60.0,-2.5,5.0,3.75,2,25323202191.2,80,5,60,36,3,29,,,
60.0,-2.5,5.0,3.75,3,25323202211.6,79,5,60,60,3,29,,,
60.0,-2.5,5.0,3.75,4,25323202270.2,80,5,60,60,3,29,,,
60.0,-2.5,5.0,3.75,5,25323202332.2,123,5,60,36,3,29,,,
60.0,0.0,5.0,3.75,1,16099735581.2,110,5,5,32,5,82,,,
60.0,0.0,5.0,3.75,2,16099735586.7,110,5,5,59,5,82,,,
60.0,0.0,5.0,3.75,3,16099735850.2,110,5,5,58,5,82,,,
60.0,0.0,5.0,3.75,4,16099735871.8,110,5,5,65,5,82,,,
60.0,0.0,5.0,3.75,5,16099735891.0,110,5,5,53,5,82,,,
60.0,2.5,5.0,3.75,1,15640449533.1,108,4,2,44,4,92,,,
60.0,2.5,5.0,3.75,2,15640449569.1,108,4,2,38,4,92,,,
60.0,2.5,5.0,3.75,3,15640449794.6,108,4,2,58,4,92,,,
60.0,2.5,5.0,3.75,4,15640449814.3,108,4,2,40,4,92,,,
60.0,2.5,5.0,3.75,5,15640449848.2,108,4,2,5,4,92,,,
60.0,5.0,5.0,3.75,1,12799631189.3,71,1,3,32,2,10,,,
60.0,5.0,5.0,3.75,2,12799631200.5,71,1,3,33,2,10,,,
60.0,5.0,5.0,3.75,3,12799632150.2,71,1,3,54,2,10,,,
60.0,5.0,5.0,3.75,4,12799632620.9,71,1,3,46,2,10,,,
60.0,5.0,5.0,3.75,5,12799631563.6,72,4,3,32,2,10,,,
60.0,7.5,5.0,3.75,1,10510934312.1,17,3,4,,,,36,5,4
60.0,7.5,5.0,3.75,2,10510934371.6,17,3,4,,,,29,5,4
60.0,7.5,5.0,3.75,3,10510934379.1,17,3,4,,,,31,5,4
60.0,7.5,5.0,3.75,4,10510934402.1,17,3,4,,,,32,5,4
60.0,7.5,5.0,3.75,5,10510934456.4,17,3,4,,,,28,5,4
60.0,10.0,5.0,3.75,1,10028142129.6,80,5,6,,,,25,5,27
60.0,10.0,5.0,3.75,2,10028142133.2,79,5,6,,,,25,5,27
60.0,10.0,5.0,3.75,3,10028142446.2,80,5,6,,,,37,5,27
60.0,10.0,5.0,3.75,4,10028142449.7,79,5,6,,,,37,5,27
60.0,10.0,5.0,3.75,5,10028142561.4,80,5,6,,,,18,5,27
120.0,-5.0,-10.0,3.75,1,17229260132.9,106,1,82,54,3,122,,,
120.0,-5.0,-10.0,3.75,2,17229260215.4,103,1,82,54,3,122,,,
120.0,-5.0,-10.0,3.75,3,17229260224.0,107,1,82,54,3,122,,,
120.0,-5.0,-10.0,3.75,4,17229260405.7,108,1,82,54,3,122,,,
120.0,-5.0,-10.0,3.75,5,17229260427.9,134,1,82,54,3,122,,,
120.0,-2.5,-10.0,3.75,1,30022561200.9,135,1,307,1,2,128,,,
120.0,-2.5,-10.0,3.75,2,30022121535.7,111,2,307,1,2,63,,,
120.0,-2.5,-10.0,3.75,3,30022121563.7,114,2,307,1,2,63,,,
120.0,-2.5,-10.0,3.75,4,30022121665.7,111,2,62,1,2,63,,,
120.0,-2.5,-10.0,3.75,5,30022561409.0,111,2,124,1,2,128,,,
120.0,0.0,-10.0,3.75,1,22254268681.1,46,5,289,,,,17,5,30
120.0,0.0,-10.0,3.75,2,22254268788.7,46,5,120,,,,17,5,30
120.0,0.0,-10.0,3.75,3,22254268843.8,46,5,277,,,,17,5,30
120.0,0.0,-10.0,3.75,4,22254268885.6,46,5,402,,,,17,5,30
120.0,0.0,-10.0,3.75,5,22254268935.2,46,5,124,,,,17,5,30
120.0,2.5,-10.0,3.75,1,18432223845.0,79,3,14,51,3,32,,,
120.0,2.5,-10.0,3.75,2,18433839138.4,43,3,14,51,3,77,,,
120.0,2.5,-10.0,3.75,3,18433839157.6,79,3,14,51,3,77,,,
120.0,2.5,-10.0,3.75,4,18434063392.1,43,3,14,51,3,54,,,
120.0,2.5,-10.0,3.75,5,18434063411.3,79,3,14,51,3,54,,,
120.0,5.0,-10.0,3.75,1,25933638750.7,79,5,293,18,4,136,,,
120.0,5.0,-10.0,3.75,2,25933638754.7,41,5,293,18,4,136,,,
120.0,5.0,-10.0,3.75,3,25933638819.6,41,5,293,17,4,136,,,
120.0,5.0,-10.0,3.75,4,25933638815.6,79,5,293,17,4,136,,,
120.0,5.0,-10.0,3.75,5,25933638984.0,102,5,293,18,4,136,,,
120.0,7.5,-10.0,3.75,1,29861963645.5,79,3,4,,,,18,5,34
120.0,7.5,-10.0,3.75,2,29861963660.5,79,3,4,,,,22,5,34
120.0,7.5,-10.0,3.75,3,29861963732.3,79,3,4,,,,29,5,34
120.0,7.5,-10.0,3.75,4,29861963738.1,79,3,4,,,,28,5,34
120.0,7.5,-10.0,3.75,5,29861963851.4,79,3,4,,,,36,5,34
120.0,10.0,-10.0,3.75,1,19331391001.1,82,5,8,59,3,158,,,
120.0,10.0,-10.0,3.75,2,19331391002.3,82,5,8,10,3,158,,,
120.0,10.0,-10.0,3.75,3,19331391031.5,82,5,8,53,3,158,,,
120.0,10.0,-10.0,3.75,4,19331391040.5,82,5,8,19,4,158,,,
120.0,10.0,-10.0,3.75,5,19331391066.8,82,5,8,65,3,158,,,
120.0,-5.0,-7.5,3.75,1,18599926989.6,71,1,199,53,1,38,,,
120.0,-5.0,-7.5,3.75,2,18599926999.6,72,1,199,53,1,38,,,
120.0,-5.0,-7.5,3.75,3,18599927094.7,70,1,199,53,1,38,,,
120.0,-5.0,-7.5,3.75,4,18599927244.5,116,1,199,53,1,38,,,
120.0,-5.0,-7.5,3.75,5,18599927288.7,118,1,199,53,1,38,,,
120.0,-2.5,-7.5,3.75,1,16953709515.2,111,2,49,,,,28,6,11
120.0,-2.5,-7.5,3.75,2,16953709628.5,114,2,49,,,,28,6,11
120.0,-2.5,-7.5,3.75,3,16953709682.6,126,2,49,,,,28,6,11
120.0,-2.5,-7.5,3.75,4,16953709701.0,128,2,49,,,,28,6,11
120.0,-2.5,-7.5,3.75,5,16953709773.8,127,2,49,,,,28,6,11
120.0,0.0,-7.5,3.75,1,25044054833.6,80,1,66,7,3,137,,,
120.0,0.0,-7.5,3.75,2,25044054887.4,80,1,66,59,3,137,,,
120.0,0.0,-7.5,3.75,3,25044054920.2,41,1,66,7,3,137,,,
120.0,0.0,-7.5,3.75,4,25044054974.0,41,1,66,59,3,137,,,
120.0,0.0,-7.5,3.75,5,25044054952.2,80,1,66,61,3,137,,,
120.0,2.5,-7.5,3.75,1,41952888652.7,134,4,272,61,3,26,,,
120.0,2.5,-7.5,3.75,2,41952888665.1,132,4,272,61,3,26,,,
120.0,2.5,-7.5,3.75,3,41952888773.0,132,4,355,35,3,26,,,
120.0,2.5,-7.5,3.75,4,41952888829.8,132,4,51,35,3,26,,,
120.0,2.5,-7.5,3.75,5,41952888801.6,132,4,355,61,3,26,,,
120.0,5.0,-7.5,3.75,1,40029075373.1,41,4,147,55,3,94,,,
120.0,5.0,-7.5,3.75,2,40029075376.7,41,4,147,61,3,94,,,
120.0,5.0,-7.5,3.75,3,40029075629.4,41,1,418,17,3,94,,,
120.0,5.0,-7.5,3.75,4,40029075777.8,79,1,418,17,3,94,,,
120.0,5.0,-7.5,3.75,5,40029075800.7,117,1,418,17,3,94,,,
120.0,7.5,-7.5,3.75,1,39497269266.0,43,3,424,53,3,129,,,
120.0,7.5,-7.5,3.75,2,39497269641.7,43,3,424,61,3,129,,,
120.0,7.5,-7.5,3.75,3,39591088848.8,43,3,424,53,3,130,,,
120.0,7.5,-7.5,3.75,4,39591088933.0,43,3,424,65,3,130,,,
120.0,7.5,-7.5,3.75,5,39591089005.1,43,3,424,6,4,130,,,
120.0,10.0,-7.5,3.75,1,16051446308.5,17,3,255,57,1,110,,,
120.0,10.0,-7.5,3.75,2,16051446319.7,17,3,255,55,1,110,,,
120.0,10.0,-7.5,3.75,3,16051446347.4,17,3,255,64,1,110,,,
120.0,10.0,-7.5,3.75,4,16051446388.0,17,3,255,61,1,110,,,
120.0,10.0,-7.5,3.75,5,16051446401.2,17,3,255,52,1,110,,,
120.0,-5.0,-5.0,3.75,1,20811198235.1,41,3,243,,,,28,5,12
120.0,-5.0,-5.0,3.75,2,20811198243.9,41,3,13,,,,28,5,12
120.0,-5.0,-5.0,3.75,3,20811198299.0,79,3,133,,,,28,5,12
120.0,-5.0,-5.0,3.75,4,20811198255.1,41,3,49,,,,28,5,12
120.0,-5.0,-5.0,3.75,5,20811198281.5,41,3,411,,,,28,5,12
120.0,-2.5,-5.0,3.75,1,30405023718.6,110,5,275,,,,28,5,21
120.0,-2.5,-5.0,3.75,2,30405023724.4,110,5,275,,,,29,5,21
120.0,-2.5,-5.0,3.75,3,30405023813.7,110,5,275,,,,17,5,21
120.0,-2.5,-5.0,3.75,4,30405023773.1,110,5,62,,,,28,5,21
120.0,-2.5,-5.0,3.75,5,30405023779.0,110,5,62,,,,29,5,21
120.0,0.0,-5.0,3.75,1,30078617693.8,114,2,173,38,1,120,,,
120.0,0.0,-5.0,3.75,2,30078617709.8,111,2,173,38,1,120,,,
120.0,0.0,-5.0,3.75,3,30078617856.7,114,2,173,40,1,120,,,
120.0,0.0,-5.0,3.75,4,30078617872.7,111,2,173,40,1,120,,,
120.0,0.0,-5.0,3.75,5,30078617961.0,114,2,173,5,1,120,,,
120.0,2.5,-5.0,3.75,1,23714955910.4,46,5,14,59,1,51,,,
120.0,2.5,-5.0,3.75,2,23714956025.0,46,5,14,43,1,51,,,
120.0,2.5,-5.0,3.75,3,23714956062.6,46,5,14,58,1,51,,,
120.0,2.5,-5.0,3.75,4,23714956069.1,46,5,14,63,1,51,,,
120.0,2.5,-5.0,3.75,5,23714956083.8,46,5,14,56,1,51,,,
120.0,5.0,-5.0,3.75,1,24584969399.9,46,4,14,52,1,7,,,
120.0,5.0,-5.0,3.75,2,24584969415.7,46,4,14,51,1,7,,,
120.0,5.0,-5.0,3.75,3,24584969431.8,46,4,14,64,1,7,,,
120.0,5.0,-5.0,3.75,4,24584969605.8,46,4,14,63,1,7,,,
120.0,5.0,-5.0,3.75,5,24584969625.0,46,4,14,59,1,7,,,
120.0,7.5,-5.0,3.75,1,30698879432.7,116,4,421,53,1,29,,,
120.0,7.5,-5.0,3.75,2,30698879424.5,116,4,103,43,1,29,,,
120.0,7.5,-5.0,3.75,3,30698879597.9,46,4,103,32,1,29,,,
120.0,7.5,-5.0,3.75,4,30698879647.8,46,4,103,33,1,29,,,
120.0,7.5,-5.0,3.75,5,30698879709.5,46,4,103,43,1,29,,,
120.0,10.0,-5.0,3.75,1,11505655379.6,135,1,41,2,4,1,,,
120.0,10.0,-5.0,3.75,2,11506660974.4,135,1,41,58,4,82,,,
120.0,10.0,-5.0,3.75,3,11506661064.5,135,1,41,37,4,82,,,
120.0,10.0,-5.0,3.75,4,11506661109.5,135,1,41,5,4,82,,,
120.0,10.0,-5.0,3.75,5,11506661115.4,135,1,41,4,4,82,,,
120.0,-5.0,-2.5,3.75,1,26152970881.9,41,3,276,18,3,177,,,
120.0,-5.0,-2.5,3.75,2,26152971001.2,41,3,325,18,3,177,,,
120.0,-5.0,-2.5,3.75,3,26152971026.9,41,3,352,18,3,177,,,
120.0,-5.0,-2.5,3.75,4,26152971158.8,41,3,314,18,3,177,,,
120.0,-5.0,-2.5,3.75,5,26152971181.3,41,3,175,18,3,177,,,
120.0,-2.5,-2.5,3.75,1,21555615567.4,80,4,62,5,3,124,,,
120.0,-2.5,-2.5,3.75,2,21555615690.4,79,4,62,5,3,124,,,
120.0,-2.5,-2.5,3.75,3,21555615717.5,82,4,62,5,3,124,,,
120.0,-2.5,-2.5,3.75,4,21555615776.8,132,4,62,5,3,124,,,
120.0,-2.5,-2.5,3.75,5,21555615781.3,134,4,62,5,3,124,,,
120.0,0.0,-2.5,3.75,1,38767746678.0,47,5,87,54,3,46,,,
120.0,0.0,-2.5,3.75,2,38767746794.4,60,5,87,54,3,46,,,
120.0,0.0,-2.5,3.75,3,38767746840.9,102,5,87,54,3,46,,,
120.0,0.0,-2.5,3.75,4,38767746872.2,109,5,87,54,3,46,,,
120.0,0.0,-2.5,3.75,5,38767746900.8,110,5,87,54,3,46,,,
120.0,2.5,-2.5,3.75,1,27307561851.9,138,4,95,32,2,7,,,
120.0,2.5,-2.5,3.75,2,27307562052.2,79,4,95,33,2,7,,,
120.0,2.5,-2.5,3.75,3,27307562118.1,80,4,95,33,2,7,,,
120.0,2.5,-2.5,3.75,4,27307561880.1,138,4,95,38,2,7,,,
120.0,2.5,-2.5,3.75,5,27307561901.6,138,4,95,40,2,7,,,
120.0,5.0,-2.5,3.75,1,24944131872.8,43,3,21,60,3,193,,,
120.0,5.0,-2.5,3.75,2,24944131897.9,79,3,21,60,3,193,,,
120.0,5.0,-2.5,3.75,3,24944131938.0,43,3,21,43,3,193,,,
120.0,5.0,-2.5,3.75,4,24944131931.0,44,3,21,60,3,193,,,
120.0,5.0,-2.5,3.75,5,24944131936.5,41,3,21,60,3,193,,,
120.0,7.5,-2.5,3.75,1,13551337443.2,135,5,61,40,2,14,,,
120.0,7.5,-2.5,3.75,2,13551337538.6,135,5,61,44,2,14,,,
120.0,7.5,-2.5,3.75,3,13551337696.1,135,5,61,4,2,14,,,
120.0,7.5,-2.5,3.75,4,13551337724.1,135,5,61,5,2,14,,,
120.0,7.5,-2.5,3.75,5,13551337773.5,135,5,61,1,2,14,,,
120.0,10.0,-2.5,3.75,1,11644268082.9,8,1,24,38,4,119,,,
120.0,10.0,-2.5,3.75,2,11644268157.6,8,1,24,40,4,119,,,
120.0,10.0,-2.5,3.75,3,11644268207.9,8,1,24,44,4,119,,,
120.0,10.0,-2.5,3.75,4,11644268243.0,8,1,24,36,4,119,,,
120.0,10.0,-2.5,3.75,5,11644268261.0,8,1,24,5,4,119,,,
120.0,-5.0,0.0,3.75,1,30650439203.4,41,3,3,7,3,66,,,
120.0,-5.0,0.0,3.75,2,30650443725.6,118,1,3,7,3,66,,,
120.0,-5.0,0.0,3.75,3,30650439313.1,79,3,3,7,3,66,,,
120.0,-5.0,0.0,3.75,4,30650439472.1,43,3,3,7,3,66,,,
120.0,-5.0,0.0,3.75,5,30650439455.9,44,3,3,7,3,66,,,
120.0,-2.5,0.0,3.75,1,34159890515.3,79,4,2,,,,23,5,27
120.0,-2.5,0.0,3.75,2,34159890552.4,80,4,2,,,,23,5,27
120.0,-2.5,0.0,3.75,3,34159890137.1,106,4,2,,,,23,5,29
120.0,-2.5,0.0,3.75,4,34159890169.1,106,4,2,,,,23,5,9
120.0,-2.5,0.0,3.75,5,34159890190.9,106,4,2,,,,23,5,17
120.0,0.0,0.0,3.75,1,33059695107.4,54,4,3,32,2,32,,,
120.0,0.0,0.0,3.75,2,33059695118.7,49,4,3,32,2,32,,,
120.0,0.0,0.0,3.75,3,33059695148.4,54,4,3,43,2,67,,,
120.0,0.0,0.0,3.75,4,33059695159.7,49,4,3,43,2,67,,,
120.0,0.0,0.0,3.75,5,33059695241.4,106,4,3,43,2,67,,,
120.0,2.5,0.0,3.75,1,27494984151.7,123,5,9,,,,23,5,18
120.0,2.5,0.0,3.75,2,27494984294.8,123,5,9,,,,17,5,18
120.0,2.5,0.0,3.75,3,27494984424.2,8,5,9,,,,23,5,18
120.0,2.5,0.0,3.75,4,27494984432.0,137,5,9,,,,23,5,18
120.0,2.5,0.0,3.75,5,27494984444.8,110,5,9,,,,23,5,18
120.0,5.0,0.0,3.75,1,29133922091.0,46,4,14,43,1,30,,,
120.0,5.0,0.0,3.75,2,29137577576.2,102,5,14,43,1,30,,,
120.0,5.0,0.0,3.75,3,29270929648.5,106,4,14,43,5,30,,,
120.0,5.0,0.0,3.75,4,29270929653.5,138,4,14,43,5,30,,,
120.0,5.0,0.0,3.75,5,29270929695.0,107,4,14,43,5,30,,,
120.0,7.5,0.0,3.75,1,12521921260.3,46,5,3,,,,17,5,18
120.0,7.5,0.0,3.75,2,12521921280.7,46,5,3,,,,18,5,18
120.0,7.5,0.0,3.75,3,12521921299.0,46,5,3,,,,22,5,18
120.0,7.5,0.0,3.75,4,12607245577.8,79,3,3,,,,18,5,18
120.0,7.5,0.0,3.75,5,12607245596.1,79,3,3,,,,22,5,18
120.0,10.0,0.0,3.75,1,10957142480.5,17,3,3,46,5,174,,,
120.0,10.0,0.0,3.75,2,10957142709.8,17,3,3,17,5,174,,,
120.0,10.0,0.0,3.75,3,10957143054.7,17,3,3,43,5,174,,,
120.0,10.0,0.0,3.75,4,10957143249.1,17,3,3,60,5,174,,,
120.0,10.0,0.0,3.75,5,10995350928.6,17,3,62,18,5,174,,,
120.0,-5.0,2.5,3.75,1,24537118446.8,118,1,2,2,1,1,,,
120.0,-5.0,2.5,3.75,2,24537118446.3,122,1,2,2,1,1,,,
120.0,-5.0,2.5,3.75,3,24537118472.0,111,2,2,2,1,1,,,
120.0,-5.0,2.5,3.75,4,24537118505.9,114,2,2,2,1,1,,,
120.0,-5.0,2.5,3.75,5,24537118597.4,102,5,2,2,1,1,,,
120.0,-2.5,2.5,3.75,1,23580016137.5,108,4,2,46,2,128,,,
120.0,-2.5,2.5,3.75,2,23580016176.1,137,4,2,46,2,128,,,
120.0,-2.5,2.5,3.75,3,23580016180.8,135,4,2,46,2,128,,,
120.0,-2.5,2.5,3.75,4,23580016252.3,80,4,2,46,2,128,,,
120.0,-2.5,2.5,3.75,5,23580016253.4,114,2,2,46,2,128,,,
120.0,0.0,2.5,3.75,1,25280509941.0,43,4,1,6,3,29,,,
120.0,0.0,2.5,3.75,2,25280509975.0,43,4,1,7,3,29,,,
120.0,0.0,2.5,3.75,3,25280510079.1,43,4,1,33,3,29,,,
120.0,0.0,2.5,3.75,4,25280510086.9,43,4,1,4,3,29,,,
120.0,0.0,2.5,3.75,5,25280510098.4,43,4,1,65,3,29,,,
120.0,2.5,2.5,3.75,1,26327367558.9,107,4,1,32,2,117,,,
120.0,2.5,2.5,3.75,2,26327367565.9,106,4,1,32,2,117,,,
120.0,2.5,2.5,3.75,3,26327368362.4,46,4,1,19,2,117,,,
120.0,2.5,2.5,3.75,4,26327367575.8,103,4,1,32,2,117,,,
120.0,2.5,2.5,3.75,5,26327367995.2,44,4,1,19,2,117,,,
120.0,5.0,2.5,3.75,1,12264664763.2,44,3,21,,,,25,5,21
120.0,5.0,2.5,3.75,2,12264664871.5,44,3,21,,,,17,5,21
120.0,5.0,2.5,3.75,3,12273693129.7,80,4,21,,,,25,5,21
120.0,5.0,2.5,3.75,4,12285093542.5,46,4,21,,,,25,5,21
120.0,5.0,2.5,3.75,5,12285093650.8,46,4,21,,,,17,5,21
120.0,7.5,2.5,3.75,1,11015208827.7,46,4,21,,,,17,5,8
120.0,7.5,2.5,3.75,2,11015209073.1,46,4,21,,,,25,5,8
120.0,7.5,2.5,3.75,3,11016703948.7,46,4,3,,,,17,5,8
120.0,7.5,2.5,3.75,4,11016704067.0,46,4,3,,,,18,5,8
120.0,7.5,2.5,3.75,5,11016704071.2,46,4,3,,,,22,5,8
120.0,10.0,2.5,3.75,1,11292115399.1,43,3,13,19,4,22,,,
120.0,10.0,2.5,3.75,2,11298170229.0,44,3,13,19,4,22,,,
120.0,10.0,2.5,3.75,3,11304400265.8,43,3,187,19,4,22,,,
120.0,10.0,2.5,3.75,4,11305270572.0,138,1,62,19,4,22,,,
120.0,10.0,2.5,3.75,5,11309189109.1,138,1,13,19,4,22,,,
120.0,-5.0,5.0,3.75,1,27197169262.2,138,4,2,,,,17,5,16
120.0,-5.0,5.0,3.75,2,27197169270.4,138,4,2,,,,22,5,16
120.0,-5.0,5.0,3.75,3,27197169302.6,138,4,2,,,,18,5,16
120.0,-5.0,5.0,3.75,4,27197169409.6,108,4,2,,,,17,5,16
120.0,-5.0,5.0,3.75,5,27197169417.8,108,4,2,,,,22,5,16
120.0,-2.5,5.0,3.75,1,23734335579.6,138,4,2,40,4,136,,,
120.0,-2.5,5.0,3.75,2,23734335586.3,108,4,2,40,4,136,,,
120.0,-2.5,5.0,3.75,3,23734335590.9,107,4,2,40,4,136,,,
120.0,-2.5,5.0,3.75,4,23734335596.4,114,2,2,40,4,136,,,
120.0,-2.5,5.0,3.75,5,23734335604.3,103,4,2,40,4,136,,,
120.0,0.0,5.0,3.75,1,27388612971.1,114,2,21,61,1,126,,,
120.0,0.0,5.0,3.75,2,27388612975.7,114,2,21,43,1,126,,,
120.0,0.0,5.0,3.75,3,27388612985.4,122,1,21,61,1,126,,,
120.0,0.0,5.0,3.75,4,27388612988.9,111,2,21,61,1,126,,,
120.0,0.0,5.0,3.75,5,27388612990.0,122,1,21,43,1,126,,,
120.0,2.5,5.0,3.75,1,19913241368.4,12,3,3,2,1,1,,,
120.0,2.5,5.0,3.75,2,21111172450.5,12,3,8,2,1,1,,,
120.0,2.5,5.0,3.75,3,21992692156.4,108,4,3,52,5,46,,,
120.0,2.5,5.0,3.75,4,21992692170.8,108,4,3,52,5,113,,,
120.0,2.5,5.0,3.75,5,21992692216.0,108,4,3,32,5,46,,,
120.0,5.0,5.0,3.75,1,32018613292.9,41,5,13,4,3,170,,,
120.0,5.0,5.0,3.75,2,32018613379.5,41,5,13,44,4,170,,,
120.0,5.0,5.0,3.75,3,32018613398.9,41,5,13,5,3,170,,,
120.0,5.0,5.0,3.75,4,32018613407.1,41,5,13,17,3,170,,,
120.0,5.0,5.0,3.75,5,32018613441.7,41,3,13,8,3,170,,,
120.0,7.5,5.0,3.75,1,12953869639.1,122,1,21,7,1,7,,,
120.0,7.5,5.0,3.75,2,12953869706.6,122,1,21,43,1,7,,,
120.0,7.5,5.0,3.75,3,12953869841.5,122,1,21,6,1,7,,,
120.0,7.5,5.0,3.75,4,12953869842.8,122,1,21,35,1,7,,,
120.0,7.5,5.0,3.75,5,12953870072.4,122,1,21,58,1,7,,,
120.0,10.0,5.0,3.75,1,10173859363.6,17,5,21,60,5,157,,,
120.0,10.0,5.0,3.75,2,10173859569.0,17,5,3,60,5,157,,,
120.0,10.0,5.0,3.75,3,10173865447.2,102,5,3,60,5,157,,,
120.0,10.0,5.0,3.75,4,10173859905.8,17,5,21,43,5,157,,,
120.0,10.0,5.0,3.75,5,10173860309.6,17,5,21,54,5,157,,,
180.0,-5.0,-10.0,3.75,1,14004976550.4,31,2,8,18,2,126,,,
180.0,-5.0,-10.0,3.75,2,14004976888.8,32,2,8,18,2,25,,,
180.0,-5.0,-10.0,3.75,3,14004976896.0,32,2,8,18,2,126,,,
180.0,-5.0,-10.0,3.75,4,14004976913.5,29,2,8,18,2,25,,,
180.0,-5.0,-10.0,3.75,5,14004976920.7,29,2,8,18,2,126,,,
180.0,-2.5,-10.0,3.75,1,13096988384.7,133,3,2,65,3,26,,,
180.0,-2.5,-10.0,3.75,2,13096988808.4,133,3,2,65,3,17,,,
180.0,-2.5,-10.0,3.75,3,13096988139.0,79,3,2,65,3,50,,,
180.0,-2.5,-10.0,3.75,4,13096988158.1,79,3,2,65,3,174,,,
180.0,-2.5,-10.0,3.75,5,13096988166.7,79,3,2,65,3,176,,,
180.0,0.0,-10.0,3.75,1,25918294319.6,116,4,110,35,4,173,,,
180.0,0.0,-10.0,3.75,2,25918294395.5,116,4,367,35,4,173,,,
180.0,0.0,-10.0,3.75,3,25918294395.9,116,4,141,35,4,173,,,
180.0,0.0,-10.0,3.75,4,25918294400.3,116,4,281,35,4,173,,,
180.0,0.0,-10.0,3.75,5,25918294560.4,116,4,367,35,4,37,,,
180.0,2.5,-10.0,3.75,1,27259239986.0,134,1,160,44,4,181,,,
180.0,2.5,-10.0,3.75,2,27259240028.7,134,1,160,40,4,181,,,
180.0,2.5,-10.0,3.75,3,27259292334.0,134,1,160,44,4,122,,,
180.0,2.5,-10.0,3.75,4,27259292376.7,134,1,160,40,4,122,,,
180.0,2.5,-10.0,3.75,5,27259605851.3,134,1,160,44,4,82,,,
180.0,5.0,-10.0,3.75,1,24980991706.8,133,4,3,65,3,26,,,
180.0,5.0,-10.0,3.75,2,24980991723.9,133,4,3,43,3,26,,,
180.0,5.0,-10.0,3.75,3,24980991727.5,133,4,3,53,3,26,,,
180.0,5.0,-10.0,3.75,4,24980991746.7,133,4,3,60,3,26,,,
180.0,5.0,-10.0,3.75,5,24980991764.0,133,4,3,61,3,26,,,
180.0,7.5,-10.0,3.75,1,22592140665.8,43,1,61,46,2,82,,,
180.0,7.5,-10.0,3.75,2,22592140666.1,108,1,61,46,2,95,,,
180.0,7.5,-10.0,3.75,3,22592140677.4,108,1,61,46,2,98,,,
180.0,7.5,-10.0,3.75,4,22592140680.7,108,1,61,46,2,174,,,
180.0,7.5,-10.0,3.75,5,22592140741.6,107,1,61,46,2,95,,,
180.0,10.0,-10.0,3.75,1,27583688533.8,17,5,6,38,2,81,,,
180.0,10.0,-10.0,3.75,2,27583688559.7,17,5,6,38,2,190,,,
180.0,10.0,-10.0,3.75,3,27583688559.9,17,5,6,38,2,86,,,
180.0,10.0,-10.0,3.75,4,27583688561.5,17,5,6,38,2,119,,,
180.0,10.0,-10.0,3.75,5,27583688562.2,17,5,6,38,2,97,,,
180.0,-5.0,-7.5,3.75,1,50000004298.9,46,1,142,,,,17,5,30
180.0,-5.0,-7.5,3.75,2,50000004345.6,46,1,142,,,,18,5,30
180.0,-5.0,-7.5,3.75,3,50000004349.9,46,1,142,,,,22,5,30
180.0,-5.0,-7.5,3.75,4,50000004480.2,46,1,168,,,,17,5,30
180.0,-5.0,-7.5,3.75,5,50000004585.3,46,1,172,,,,18,5,30
180.0,-2.5,-7.5,3.75,1,21982018202.1,17,3,61,6,1,89,,,
180.0,-2.5,-7.5,3.75,2,21982018243.6,17,3,302,6,1,89,,,
180.0,-2.5,-7.5,3.75,3,21982018260.6,17,3,405,6,1,89,,,
180.0,-2.5,-7.5,3.75,4,21982018267.3,17,3,314,6,1,89,,,
180.0,-2.5,-7.5,3.75,5,21982018269.2,17,3,320,6,1,89,,,
180.0,0.0,-7.5,3.75,1,44691751386.4,118,1,355,34,5,40,,,
180.0,0.0,-7.5,3.75,2,44691751458.4,8,1,355,34,4,40,,,
180.0,0.0,-7.5,3.75,3,44691751460.4,118,1,426,34,5,40,,,
180.0,0.0,-7.5,3.75,4,44691751532.3,8,1,426,34,4,40,,,
180.0,0.0,-7.5,3.75,5,44691751500.1,117,1,355,34,5,40,,,
180.0,2.5,-7.5,3.75,1,50000234007.9,135,1,179,,,,37,5,21
180.0,2.5,-7.5,3.75,2,50000234319.2,135,1,405,,,,29,5,21
180.0,2.5,-7.5,3.75,3,50000234327.9,135,1,405,,,,28,5,21
180.0,2.5,-7.5,3.75,4,50000234328.2,135,1,402,,,,37,5,21
180.0,2.5,-7.5,3.75,5,50000234410.6,135,1,124,,,,37,5,21
180.0,5.0,-7.5,3.75,1,24859683067.8,138,1,11,,,,25,5,21
180.0,5.0,-7.5,3.75,2,24859683178.7,108,1,11,,,,25,5,21
180.0,5.0,-7.5,3.75,3,24859683240.1,106,1,11,,,,25,5,21
180.0,5.0,-7.5,3.75,4,24859683288.6,103,1,11,,,,25,5,21
180.0,5.0,-7.5,3.75,5,24859683357.2,135,1,11,,,,25,5,21
180.0,7.5,-7.5,3.75,1,17328867202.9,122,1,160,2,1,1,,,
180.0,7.5,-7.5,3.75,2,17328955155.3,122,1,160,,,,37,5,21
180.0,7.5,-7.5,3.75,3,17328874125.2,122,1,160,17,1,183,,,
180.0,7.5,-7.5,3.75,4,17328874144.4,122,1,160,36,1,183,,,
180.0,7.5,-7.5,3.75,5,17328875024.8,122,1,160,17,1,96,,,
180.0,10.0,-7.5,3.75,1,17496765568.1,12,3,8,4,4,175,,,
180.0,10.0,-7.5,3.75,2,17496765827.0,12,3,8,43,3,175,,,
180.0,10.0,-7.5,3.75,3,17496765845.6,12,3,8,36,4,175,,,
180.0,10.0,-7.5,3.75,4,17496765877.6,12,3,8,18,4,175,,,
180.0,10.0,-7.5,3.75,5,17496765960.7,12,3,8,17,4,175,,,
180.0,-5.0,-5.0,3.75,1,13257622158.0,118,1,3,17,4,6,,,
180.0,-5.0,-5.0,3.75,2,13257622107.6,122,1,3,17,4,6,,,
180.0,-5.0,-5.0,3.75,3,13257622355.6,117,1,3,17,4,6,,,
180.0,-5.0,-5.0,3.75,4,13257622153.5,138,4,3,17,4,6,,,
180.0,-5.0,-5.0,3.75,5,13257622347.4,46,5,3,17,4,6,,,
180.0,-2.5,-5.0,3.75,1,25618751777.3,114,2,42,,,,28,6,21
180.0,-2.5,-5.0,3.75,2,25618751796.4,111,2,42,,,,28,6,21
180.0,-2.5,-5.0,3.75,3,25618751854.5,114,2,42,,,,29,6,21
180.0,-2.5,-5.0,3.75,4,25618751873.6,111,2,42,,,,29,6,21
180.0,-2.5,-5.0,3.75,5,25618751969.0,114,2,42,,,,15,6,21
180.0,0.0,-5.0,3.75,1,24378924637.8,8,5,3,,,,17,5,20
180.0,0.0,-5.0,3.75,2,24378924658.7,8,5,3,,,,22,5,20
180.0,0.0,-5.0,3.75,3,24378924667.8,8,5,3,,,,18,5,20
180.0,0.0,-5.0,3.75,4,24378924885.3,79,5,3,,,,22,5,20
180.0,0.0,-5.0,3.75,5,24378924894.4,79,5,3,,,,18,5,20
180.0,2.5,-5.0,3.75,1,40045087237.7,102,5,393,,,,37,1,14
180.0,2.5,-5.0,3.75,2,40043701804.2,114,2,393,,,,37,6,14
180.0,2.5,-5.0,3.75,3,40043701911.3,114,2,390,,,,15,6,14
180.0,2.5,-5.0,3.75,4,40043701824.3,114,2,233,,,,15,6,14
180.0,2.5,-5.0,3.75,5,40043702111.8,114,2,51,,,,15,6,14
180.0,5.0,-5.0,3.75,1,22824624849.9,41,5,40,43,3,174,,,
180.0,5.0,-5.0,3.75,2,22824624889.9,102,5,40,43,3,174,,,
180.0,5.0,-5.0,3.75,3,22824625098.9,102,5,40,60,3,174,,,
180.0,5.0,-5.0,3.75,4,22824625218.3,110,5,40,43,3,174,,,
180.0,5.0,-5.0,3.75,5,22824625114.7,46,5,40,43,3,174,,,
180.0,7.5,-5.0,3.75,1,20502962251.1,116,1,385,18,5,2,,,
180.0,7.5,-5.0,3.75,2,20502962295.0,116,1,385,34,5,2,,,
180.0,7.5,-5.0,3.75,3,20502962312.5,116,1,385,54,5,2,,,
180.0,7.5,-5.0,3.75,4,20502962326.4,116,1,387,66,5,2,,,
180.0,7.5,-5.0,3.75,5,20502962339.3,116,1,387,62,5,2,,,
180.0,10.0,-5.0,3.75,1,20714028403.0,29,1,175,4,4,126,,,
180.0,10.0,-5.0,3.75,2,20714028462.9,29,1,289,4,4,126,,,
180.0,10.0,-5.0,3.75,3,20714028495.0,29,1,175,5,4,126,,,
180.0,10.0,-5.0,3.75,4,20714028509.0,29,1,393,4,4,126,,,
180.0,10.0,-5.0,3.75,5,20714028523.4,29,1,320,4,4,126,,,
180.0,-5.0,-2.5,3.75,1,23415764840.3,102,5,2,14,3,106,,,
180.0,-5.0,-2.5,3.75,2,23415764977.3,110,5,2,14,3,106,,,
180.0,-5.0,-2.5,3.75,3,23415765092.2,123,5,2,14,3,106,,,
180.0,-5.0,-2.5,3.75,4,23415765240.3,80,5,2,14,3,106,,,
180.0,-5.0,-2.5,3.75,5,23415765268.1,79,5,2,14,3,106,,,
180.0,-2.5,-2.5,3.75,1,25091055000.2,102,5,345,9,2,23,,,
180.0,-2.5,-2.5,3.75,2,25091055296.2,110,5,345,9,2,23,,,
180.0,-2.5,-2.5,3.75,3,25091055366.0,102,5,174,9,2,23,,,
180.0,-2.5,-2.5,3.75,4,25091055418.9,104,5,345,9,2,23,,,
180.0,-2.5,-2.5,3.75,5,25091055443.0,102,5,287,9,2,23,,,
180.0,0.0,-2.5,3.75,1,39109641762.5,111,2,103,17,1,86,,,
180.0,0.0,-2.5,3.75,2,39109641789.9,111,2,351,17,1,86,,,
180.0,0.0,-2.5,3.75,3,39109641791.1,111,2,177,17,1,86,,,
180.0,0.0,-2.5,3.75,4,39109641797.6,111,2,382,17,1,86,,,
180.0,0.0,-2.5,3.75,5,39109641804.9,114,2,103,17,1,86,,,
180.0,2.5,-2.5,3.75,1,29229637922.5,41,3,1,33,2,173,,,
180.0,2.5,-2.5,3.75,2,29229637946.7,44,3,1,33,2,173,,,
180.0,2.5,-2.5,3.75,3,29229637954.8,43,3,1,33,2,173,,,
180.0,2.5,-2.5,3.75,4,29229638221.6,79,3,1,33,2,173,,,
180.0,2.5,-2.5,3.75,5,29229638031.9,41,3,1,19,2,173,,,
180.0,5.0,-2.5,3.75,1,33445830632.3,79,1,5,,,,23,5,22
180.0,5.0,-2.5,3.75,2,33445830681.5,80,1,5,,,,23,5,22
180.0,5.0,-2.5,3.75,3,33445830756.7,108,1,5,,,,23,5,22
180.0,5.0,-2.5,3.75,4,33445830786.7,123,5,5,,,,23,5,22
180.0,5.0,-2.5,3.75,5,33445830814.4,138,1,5,,,,23,5,22
180.0,7.5,-2.5,3.75,1,16658073247.6,59,5,50,33,4,57,,,
180.0,7.5,-2.5,3.75,2,16658073283.3,59,5,50,32,4,57,,,
180.0,7.5,-2.5,3.75,3,16658073311.4,59,5,50,5,4,57,,,
180.0,7.5,-2.5,3.75,4,16734718184.9,60,5,50,33,4,57,,,
180.0,7.5,-2.5,3.75,5,16734718220.6,60,5,50,32,4,57,,,
180.0,10.0,-2.5,3.75,1,12358001708.1,41,3,41,40,2,40,,,
180.0,10.0,-2.5,3.75,2,12358001828.3,41,3,41,38,2,40,,,
180.0,10.0,-2.5,3.75,3,12358001829.8,41,3,41,44,2,40,,,
180.0,10.0,-2.5,3.75,4,12358001884.9,41,3,41,18,2,40,,,
180.0,10.0,-2.5,3.75,5,12358001913.5,41,3,41,9,2,40,,,
180.0,-5.0,0.0,3.75,1,21931279065.0,114,2,21,,,,25,6,4
180.0,-5.0,0.0,3.75,2,21931279122.9,111,2,21,,,,25,6,4
180.0,-5.0,0.0,3.75,3,21932547517.5,102,5,21,,,,25,1,4
180.0,-5.0,0.0,3.75,4,21931279471.4,114,2,21,,,,15,6,4
180.0,-5.0,0.0,3.75,5,21931279529.3,111,2,21,,,,15,6,4
180.0,-2.5,0.0,3.75,1,34720836651.4,102,5,95,,,,25,1,23
180.0,-2.5,0.0,3.75,2,34720836691.8,102,5,95,,,,25,1,6
180.0,-2.5,0.0,3.75,3,34720836711.0,102,5,95,,,,25,1,22
180.0,-2.5,0.0,3.75,4,34720836714.2,102,5,95,,,,25,1,18
180.0,-2.5,0.0,3.75,5,34720836821.4,102,5,95,,,,25,1,31
180.0,0.0,0.0,3.75,1,29017357032.0,80,4,95,65,3,50,,,
180.0,0.0,0.0,3.75,2,29017357047.6,80,4,95,53,3,50,,,
180.0,0.0,0.0,3.75,3,29017357049.7,79,4,95,65,3,50,,,
180.0,0.0,0.0,3.75,4,29017357065.3,79,4,95,53,3,50,,,
180.0,0.0,0.0,3.75,5,29231623432.3,80,4,95,46,2,50,,,
180.0,2.5,0.0,3.75,1,24945675629.3,46,5,66,1,1,144,,,
180.0,2.5,0.0,3.75,2,24945675630.3,46,5,66,34,1,144,,,
180.0,2.5,0.0,3.75,3,24945675694.2,46,5,66,5,1,144,,,
180.0,2.5,0.0,3.75,4,24945675732.5,46,5,66,4,1,144,,,
180.0,2.5,0.0,3.75,5,24945675753.3,46,5,66,32,1,144,,,
180.0,5.0,0.0,3.75,1,28630289857.9,85,4,1,32,4,199,,,
180.0,5.0,0.0,3.75,2,28630289965.0,85,4,1,33,4,199,,,
180.0,5.0,0.0,3.75,3,28630290089.7,85,4,1,58,4,199,,,
180.0,5.0,0.0,3.75,4,28630290097.2,85,4,1,18,4,199,,,
180.0,5.0,0.0,3.75,5,28630290265.4,85,4,1,5,4,199,,,
180.0,7.5,0.0,3.75,1,27784977699.8,132,4,8,2,4,1,,,
180.0,7.5,0.0,3.75,2,27797563134.0,134,4,8,2,4,1,,,
180.0,7.5,0.0,3.75,3,28870530606.8,79,3,8,,,,38,4,5
180.0,7.5,0.0,3.75,4,29009798120.6,79,3,8,2,4,1,,,
180.0,7.5,0.0,3.75,5,29405706624.2,108,4,8,,,,38,4,5
180.0,10.0,0.0,3.75,1,20572222090.5,138,4,5,53,3,85,,,
180.0,10.0,0.0,3.75,2,20572222115.7,138,4,5,10,3,85,,,
180.0,10.0,0.0,3.75,3,20572222401.9,138,4,5,32,3,85,,,
180.0,10.0,0.0,3.75,4,20590623395.8,138,4,5,,,,23,5,22
180.0,10.0,0.0,3.75,5,20609394602.9,123,5,5,53,3,85,,,
180.0,-5.0,2.5,3.75,1,21321096247.6,114,2,2,,,,29,6,9
180.0,-5.0,2.5,3.75,2,21321096299.1,114,2,2,,,,28,6,9
180.0,-5.0,2.5,3.75,3,21321095628.2,118,1,2,,,,23,5,9
180.0,-5.0,2.5,3.75,4,21321095590.8,122,1,2,,,,23,5,9
180.0,-5.0,2.5,3.75,5,21321095668.1,120,1,2,,,,23,5,9
180.0,-2.5,2.5,3.75,1,30025822430.4,12,3,1,4,2,26,,,
180.0,-2.5,2.5,3.75,2,30025822466.9,17,3,1,4,2,26,,,
180.0,-2.5,2.5,3.75,3,30025822473.0,17,3,1,5,2,162,,,
180.0,-2.5,2.5,3.75,4,30025822488.5,17,3,1,4,2,162,,,
180.0,-2.5,2.5,3.75,5,30025822448.6,12,3,1,5,2,71,,,
180.0,0.0,2.5,3.75,1,37898479232.1,107,4,51,,,,32,5,12
180.0,0.0,2.5,3.75,2,37898479243.2,107,4,51,,,,31,5,12
180.0,0.0,2.5,3.75,3,37898479268.5,107,4,51,,,,30,5,12
180.0,0.0,2.5,3.75,4,37898479312.8,107,4,51,,,,36,5,12
180.0,0.0,2.5,3.75,5,37898479363.9,107,4,51,,,,37,5,12
180.0,2.5,2.5,3.75,1,29452688012.5,70,1,3,46,1,89,,,
180.0,2.5,2.5,3.75,2,29452688014.2,72,1,3,46,1,89,,,
180.0,2.5,2.5,3.75,3,29452688035.9,71,1,3,46,1,89,,,
180.0,2.5,2.5,3.75,4,29452688331.9,121,1,3,46,1,89,,,
180.0,2.5,2.5,3.75,5,29452688370.8,116,1,3,46,1,89,,,
180.0,5.0,2.5,3.75,1,28704748394.1,79,5,3,,,,18,5,15
180.0,5.0,2.5,3.75,2,28704748401.4,79,5,3,,,,22,5,15
180.0,5.0,2.5,3.75,3,29390360856.5,127,2,3,,,,2,6,15
180.0,5.0,2.5,3.75,4,29390360861.5,114,2,3,,,,2,6,15
180.0,5.0,2.5,3.75,5,29390360887.7,111,2,3,,,,2,6,15
180.0,7.5,2.5,3.75,1,30710545493.5,110,5,9,7,3,2,,,
180.0,7.5,2.5,3.75,2,31541447878.9,123,5,9,7,3,2,,,
180.0,7.5,2.5,3.75,3,35316287395.4,111,2,14,,,,25,1,14
180.0,7.5,2.5,3.75,4,35316287472.6,114,2,14,,,,25,1,14
180.0,7.5,2.5,3.75,5,35695740994.2,102,5,9,7,1,2,,,
180.0,10.0,2.5,3.75,1,30434636353.6,50,2,12,5,4,115,,,
180.0,10.0,2.5,3.75,2,30434636370.3,50,2,12,4,4,115,,,
180.0,10.0,2.5,3.75,3,30525870178.4,54,2,12,5,4,115,,,
180.0,10.0,2.5,3.75,4,30525870195.0,54,2,12,4,4,115,,,
180.0,10.0,2.5,3.75,5,30628862190.4,56,2,12,5,4,115,,,
180.0,-5.0,5.0,3.75,1,22663727170.0,70,4,3,14,3,123,,,
180.0,-5.0,5.0,3.75,2,22663727192.0,137,4,3,14,3,123,,,
180.0,-5.0,5.0,3.75,3,22663799502.3,137,4,21,14,3,123,,,
180.0,-5.0,5.0,3.75,4,22663808599.5,137,4,4,14,3,123,,,
180.0,-5.0,5.0,3.75,5,22663813346.8,137,4,7,14,3,123,,,
180.0,-2.5,5.0,3.75,1,30000227515.7,31,2,3,53,3,61,,,
180.0,-2.5,5.0,3.75,2,30000227632.4,31,2,3,53,3,126,,,
180.0,-2.5,5.0,3.75,3,30000653853.7,31,2,49,53,3,61,,,
180.0,-2.5,5.0,3.75,4,30000653970.4,31,2,49,53,3,126,,,
180.0,-2.5,5.0,3.75,5,30000197509.6,30,3,3,53,3,27,,,
180.0,0.0,5.0,3.75,1,24189250541.1,120,1,41,17,4,143,,,
180.0,0.0,5.0,3.75,2,24189249627.8,41,3,41,17,4,143,,,
180.0,0.0,5.0,3.75,3,24189249768.1,79,3,41,17,4,143,,,
180.0,0.0,5.0,3.75,4,24189250411.9,82,1,41,17,4,143,,,
180.0,0.0,5.0,3.75,5,24189250430.4,82,1,41,37,4,143,,,
180.0,2.5,5.0,3.75,1,27408114484.5,137,4,2,35,4,153,,,
180.0,2.5,5.0,3.75,2,27408114499.9,135,4,2,35,4,153,,,
180.0,2.5,5.0,3.75,3,27408114546.3,134,4,2,35,4,153,,,
180.0,2.5,5.0,3.75,4,27408114717.2,135,4,2,19,4,153,,,
180.0,2.5,5.0,3.75,5,27408114701.8,137,4,2,19,4,153,,,
180.0,5.0,5.0,3.75,1,18078225111.3,41,4,3,44,4,70,,,
180.0,5.0,5.0,3.75,2,18078225333.4,41,4,3,40,4,70,,,
180.0,5.0,5.0,3.75,3,18078225358.2,41,4,3,17,4,70,,,
180.0,5.0,5.0,3.75,4,18078225826.1,41,4,3,19,4,70,,,
180.0,5.0,5.0,3.75,5,18079108832.5,41,4,3,9,2,70,,,
180.0,7.5,5.0,3.75,1,20345643902.7,79,1,21,6,4,52,,,
180.0,7.5,5.0,3.75,2,20345643939.9,79,1,21,7,4,52,,,
180.0,7.5,5.0,3.75,3,20346307130.2,80,1,21,6,4,52,,,
180.0,7.5,5.0,3.75,4,20346307167.4,80,1,21,7,4,52,,,
180.0,7.5,5.0,3.75,5,20349980640.4,41,1,21,6,4,52,,,
180.0,10.0,5.0,3.75,1,16409998106.5,79,4,2,17,3,157,,,
180.0,10.0,5.0,3.75,2,16409998230.9,79,4,2,43,3,157,,,
180.0,10.0,5.0,3.75,3,16409998288.7,79,4,2,54,3,157,,,
180.0,10.0,5.0,3.75,4,16409998300.0,79,4,2,18,3,157,,,
180.0,10.0,5.0,3.75,5,16409998303.0,79,4,2,53,3,157,,,
240.0,-5.0,-10.0,3.75,1,12515959180.3,41,5,8,2,4,1,,,
240.0,-5.0,-10.0,3.75,2,12515959370.9,102,5,8,2,4,1,,,
240.0,-5.0,-10.0,3.75,3,12515959414.1,123,5,8,2,4,1,,,
240.0,-5.0,-10.0,3.75,4,12515959435.0,17,5,8,2,4,1,,,
240.0,-5.0,-10.0,3.75,5,12515959455.4,137,5,8,2,4,1,,,
240.0,-2.5,-10.0,3.75,1,10227570054.1,41,3,8,,,,18,5,21
240.0,-2.5,-10.0,3.75,2,10227570120.8,79,3,8,,,,18,5,21
240.0,-2.5,-10.0,3.75,3,10227571300.7,17,3,8,,,,18,5,21
240.0,-2.5,-10.0,3.75,4,10227663344.6,79,3,8,,,,22,5,21
240.0,-2.5,-10.0,3.75,5,10227610281.5,118,1,8,,,,18,5,21
240.0,0.0,-10.0,3.75,1,20283274494.5,137,5,289,10,3,135,,,
240.0,0.0,-10.0,3.75,2,20283274508.6,135,5,289,10,3,135,,,
240.0,0.0,-10.0,3.75,3,20283274518.9,17,5,289,10,3,135,,,
240.0,0.0,-10.0,3.75,4,20283274535.5,82,5,289,10,3,135,,,
240.0,0.0,-10.0,3.75,5,20284381440.7,82,5,289,10,3,124,,,
240.0,2.5,-10.0,3.75,1,23937868359.5,79,4,160,,,,18,5,30
240.0,2.5,-10.0,3.75,2,23937868433.3,41,4,160,,,,18,5,30
240.0,2.5,-10.0,3.75,3,23937868691.1,43,4,160,,,,17,5,30
240.0,2.5,-10.0,3.75,4,23937868735.0,46,4,160,,,,17,5,30
240.0,2.5,-10.0,3.75,5,23937868776.6,44,4,160,,,,17,5,30
240.0,5.0,-10.0,3.75,1,25461269933.2,19,4,32,44,4,5,,,
240.0,5.0,-10.0,3.75,2,25461270122.6,50,4,32,44,4,5,,,
240.0,5.0,-10.0,3.75,3,25461270128.4,19,4,32,58,4,5,,,
240.0,5.0,-10.0,3.75,4,25461270134.1,19,4,32,18,4,5,,,
240.0,5.0,-10.0,3.75,5,25461270137.1,19,4,32,40,4,5,,,
240.0,7.5,-10.0,3.75,1,23080547210.4,79,3,190,14,3,40,,,
240.0,7.5,-10.0,3.75,2,23080547218.8,79,3,190,13,3,40,,,
240.0,7.5,-10.0,3.75,3,23080547244.7,41,3,190,14,3,40,,,
240.0,7.5,-10.0,3.75,4,23080547253.1,41,3,190,13,3,40,,,
240.0,7.5,-10.0,3.75,5,23080552108.5,41,3,190,14,3,41,,,
240.0,10.0,-10.0,3.75,1,14740431602.6,12,3,80,,,,23,5,17
240.0,10.0,-10.0,3.75,2,14740432251.2,12,3,80,,,,25,5,17
240.0,10.0,-10.0,3.75,3,14740431812.5,12,3,80,34,2,110,,,
240.0,10.0,-10.0,3.75,4,14740431815.3,12,3,80,34,2,77,,,
240.0,10.0,-10.0,3.75,5,14740431851.7,12,3,80,34,2,119,,,
240.0,-5.0,-7.5,3.75,1,13917837492.7,108,1,65,6,4,23,,,
240.0,-5.0,-7.5,3.75,2,13917837878.4,107,1,65,6,4,23,,,
240.0,-5.0,-7.5,3.75,3,13917838040.1,103,1,65,6,4,23,,,
240.0,-5.0,-7.5,3.75,4,13917838041.6,106,1,65,6,4,23,,,
240.0,-5.0,-7.5,3.75,5,13917838335.3,138,1,65,6,4,23,,,
240.0,-2.5,-7.5,3.75,1,14676046637.2,44,3,94,61,3,96,,,
240.0,-2.5,-7.5,3.75,2,14676046644.5,79,3,94,61,3,96,,,
240.0,-2.5,-7.5,3.75,3,14676046720.7,43,3,94,61,3,96,,,
240.0,-2.5,-7.5,3.75,4,14676047033.2,41,3,94,61,3,96,,,
240.0,-2.5,-7.5,3.75,5,14690906631.6,44,3,94,51,3,96,,,
240.0,0.0,-7.5,3.75,1,21950893382.6,41,1,41,,,,29,5,35
240.0,0.0,-7.5,3.75,2,21950893540.7,138,1,41,,,,29,5,35
240.0,0.0,-7.5,3.75,3,21950893544.3,80,1,41,,,,29,5,35
240.0,0.0,-7.5,3.75,4,21950893559.5,79,1,41,,,,29,5,35
240.0,0.0,-7.5,3.75,5,21950894003.0,108,1,41,,,,29,5,35
240.0,2.5,-7.5,3.75,1,34760273007.3,53,3,126,18,2,76,,,
240.0,2.5,-7.5,3.75,2,34760273052.8,53,3,352,18,2,76,,,
240.0,2.5,-7.5,3.75,3,34760273097.2,53,3,276,18,2,76,,,
240.0,2.5,-7.5,3.75,4,34760273107.2,53,3,393,18,2,76,,,
240.0,2.5,-7.5,3.75,5,34760273169.6,53,3,400,18,2,76,,,
240.0,5.0,-7.5,3.75,1,36244244466.6,114,2,62,17,2,128,,,
240.0,5.0,-7.5,3.75,2,36244244485.4,111,2,62,17,2,128,,,
240.0,5.0,-7.5,3.75,3,36314686317.8,114,2,62,17,2,173,,,
240.0,5.0,-7.5,3.75,4,36314686336.6,111,2,62,17,2,173,,,
240.0,5.0,-7.5,3.75,5,36426876975.9,128,2,62,17,5,199,,,
240.0,7.5,-7.5,3.75,1,24092146171.2,119,1,40,43,5,183,,,
240.0,7.5,-7.5,3.75,2,24379000812.7,117,1,40,43,5,183,,,
240.0,7.5,-7.5,3.75,3,24773032886.7,119,1,40,64,5,129,,,
240.0,7.5,-7.5,3.75,4,24773032904.7,119,1,40,52,5,129,,,
240.0,7.5,-7.5,3.75,5,24773032911.3,119,1,40,51,5,129,,,
240.0,10.0,-7.5,3.75,1,20161145411.0,135,1,208,37,2,82,,,
240.0,10.0,-7.5,3.75,2,20161145540.8,135,1,208,17,2,82,,,
240.0,10.0,-7.5,3.75,3,20161145541.4,135,1,208,36,2,82,,,
240.0,10.0,-7.5,3.75,4,20161147952.5,135,1,208,17,2,116,,,
240.0,10.0,-7.5,3.75,5,20161147953.0,135,1,208,36,2,116,,,
240.0,-5.0,-5.0,3.75,1,13512507955.0,52,4,16,61,3,4,,,
240.0,-5.0,-5.0,3.75,2,13512508022.2,43,4,16,61,3,4,,,
240.0,-5.0,-5.0,3.75,3,13512508023.5,44,4,16,61,3,4,,,
240.0,-5.0,-5.0,3.75,4,13512508071.5,55,4,16,61,3,4,,,
240.0,-5.0,-5.0,3.75,5,13512508091.9,47,4,16,61,3,4,,,
240.0,-2.5,-5.0,3.75,1,17730987343.1,52,1,47,53,3,7,,,
240.0,-2.5,-5.0,3.75,2,17730987343.4,55,1,47,53,3,7,,,
240.0,-2.5,-5.0,3.75,3,17730987376.2,47,1,47,53,3,7,,,
240.0,-2.5,-5.0,3.75,4,17730987429.3,71,1,47,53,3,7,,,
240.0,-2.5,-5.0,3.75,5,17730987441.9,70,1,47,53,3,7,,,
240.0,0.0,-5.0,3.75,1,13122125054.5,108,1,2,58,3,129,,,
240.0,0.0,-5.0,3.75,2,13122125056.6,138,1,2,58,3,129,,,
240.0,0.0,-5.0,3.75,3,13122125120.5,103,1,2,58,3,129,,,
240.0,0.0,-5.0,3.75,4,13122125142.4,107,1,2,58,3,129,,,
240.0,0.0,-5.0,3.75,5,13122125178.9,116,1,2,58,3,129,,,
240.0,2.5,-5.0,3.75,1,22616122046.6,138,1,14,,,,25,5,21
240.0,2.5,-5.0,3.75,2,22616122331.5,117,1,14,,,,25,5,21
240.0,2.5,-5.0,3.75,3,22616122399.8,118,1,14,,,,25,5,21
240.0,2.5,-5.0,3.75,4,22616122400.6,122,1,14,,,,25,5,21
240.0,2.5,-5.0,3.75,5,22616122444.5,43,1,14,,,,25,5,21
240.0,5.0,-5.0,3.75,1,22375064412.4,12,3,8,,,,37,5,21
240.0,5.0,-5.0,3.75,2,22375064460.8,12,3,8,,,,29,5,21
240.0,5.0,-5.0,3.75,3,22375064474.9,12,3,8,,,,25,5,21
240.0,5.0,-5.0,3.75,4,22375064686.1,12,3,8,,,,28,5,21
240.0,5.0,-5.0,3.75,5,22375064713.7,41,3,8,,,,37,5,21
240.0,7.5,-5.0,3.75,1,14949002789.3,133,4,60,46,2,17,,,
240.0,7.5,-5.0,3.75,2,14949003511.6,133,4,60,36,2,17,,,
240.0,7.5,-5.0,3.75,3,14949003620.6,133,4,60,17,2,17,,,
240.0,7.5,-5.0,3.75,4,14949003657.7,133,4,60,10,2,17,,,
240.0,7.5,-5.0,3.75,5,14962043988.5,133,4,60,60,3,17,,,
240.0,10.0,-5.0,3.75,1,20949897331.4,52,3,178,18,4,46,,,
240.0,10.0,-5.0,3.75,2,20949897762.4,52,3,355,18,4,46,,,
240.0,10.0,-5.0,3.75,3,20949897809.1,52,3,52,18,4,46,,,
240.0,10.0,-5.0,3.75,4,20949897884.4,52,3,400,18,4,46,,,
240.0,10.0,-5.0,3.75,5,20949897933.1,52,3,393,18,4,46,,,
240.0,-5.0,-2.5,3.75,1,16326012282.8,116,4,14,35,3,157,,,
240.0,-5.0,-2.5,3.75,2,16326012959.2,137,4,14,35,3,157,,,
240.0,-5.0,-2.5,3.75,3,16326013093.9,135,4,14,35,3,157,,,
240.0,-5.0,-2.5,3.75,4,16326013164.4,134,4,14,35,3,157,,,
240.0,-5.0,-2.5,3.75,5,16326013168.6,132,4,14,35,3,157,,,
240.0,-2.5,-2.5,3.75,1,34140379151.3,111,2,65,,,,4,6,39
240.0,-2.5,-2.5,3.75,2,34140379165.1,111,2,65,,,,4,6,5
240.0,-2.5,-2.5,3.75,3,34140379182.1,126,2,65,,,,4,6,11
240.0,-2.5,-2.5,3.75,4,34140379201.8,128,2,65,,,,4,6,11
240.0,-2.5,-2.5,3.75,5,34140379179.5,111,2,65,,,,4,6,6
240.0,0.0,-2.5,3.75,1,30727363431.4,55,1,124,35,4,29,,,
240.0,0.0,-2.5,3.75,2,30727363431.8,120,1,277,35,4,29,,,
240.0,0.0,-2.5,3.75,3,30727363487.0,118,1,277,35,4,29,,,
240.0,0.0,-2.5,3.75,4,30727363505.6,116,1,277,35,4,29,,,
240.0,0.0,-2.5,3.75,5,30727363553.2,121,1,277,35,4,29,,,
240.0,2.5,-2.5,3.75,1,33992805813.6,79,3,4,32,4,182,,,
240.0,2.5,-2.5,3.75,2,33992805871.6,79,3,4,33,4,182,,,
240.0,2.5,-2.5,3.75,3,33992806326.6,79,3,4,18,4,182,,,
240.0,2.5,-2.5,3.75,4,33992806365.8,79,3,4,1,4,182,,,
240.0,2.5,-2.5,3.75,5,34154683145.9,79,3,4,65,3,182,,,
240.0,5.0,-2.5,3.75,1,44571895879.2,111,2,61,,,,28,6,4
240.0,5.0,-2.5,3.75,2,44571896325.1,111,2,63,,,,28,6,4
240.0,5.0,-2.5,3.75,3,44571896357.7,111,2,168,,,,28,6,4
240.0,5.0,-2.5,3.75,4,44571896493.1,111,2,49,,,,28,6,4
240.0,5.0,-2.5,3.75,5,44571896499.9,111,2,64,,,,28,6,4
240.0,7.5,-2.5,3.75,1,18531610704.6,60,4,16,6,4,175,,,
240.0,7.5,-2.5,3.75,2,18531610900.9,60,4,16,17,4,175,,,
240.0,7.5,-2.5,3.75,3,18531610925.6,60,4,16,7,4,175,,,
240.0,7.5,-2.5,3.75,4,18531610962.0,60,4,16,4,4,175,,,
240.0,7.5,-2.5,3.75,5,18531610999.1,60,4,16,36,4,175,,,
240.0,10.0,-2.5,3.75,1,14058345666.1,82,1,136,6,4,175,,,
240.0,10.0,-2.5,3.75,2,14058345698.9,82,1,136,7,4,175,,,
240.0,10.0,-2.5,3.75,3,14058345782.8,82,1,136,17,4,175,,,
240.0,10.0,-2.5,3.75,4,14058345881.8,82,1,136,36,4,175,,,
240.0,10.0,-2.5,3.75,5,14058345913.8,82,1,136,4,4,175,,,
240.0,-5.0,0.0,3.75,1,16251638685.1,114,2,1,6,4,173,,,
240.0,-5.0,0.0,3.75,2,16251638716.3,111,2,1,6,4,173,,,
240.0,-5.0,0.0,3.75,3,16304835149.6,114,2,1,60,5,173,,,
240.0,-5.0,0.0,3.75,4,16304835180.8,111,2,1,60,5,173,,,
240.0,-5.0,0.0,3.75,5,16396656087.2,114,2,1,7,4,173,,,
240.0,-2.5,0.0,3.75,1,37890090453.7,109,5,24,19,2,95,,,
240.0,-2.5,0.0,3.75,2,37890090541.3,70,4,24,19,2,95,,,
240.0,-2.5,0.0,3.75,3,37890090616.2,72,4,24,19,2,95,,,
240.0,-2.5,0.0,3.75,4,37890090636.4,43,5,24,19,2,95,,,
240.0,-2.5,0.0,3.75,5,37890090641.8,44,5,24,19,2,95,,,
240.0,0.0,0.0,3.75,1,21338774756.8,102,5,62,53,1,37,,,
240.0,0.0,0.0,3.75,2,21338860543.4,80,5,62,53,3,37,,,
240.0,0.0,0.0,3.75,3,21338860607.3,79,5,62,53,3,37,,,
240.0,0.0,0.0,3.75,4,21338860791.5,135,5,62,53,3,37,,,
240.0,0.0,0.0,3.75,5,21338860844.9,137,5,62,53,3,37,,,
240.0,2.5,0.0,3.75,1,44324581509.3,111,2,419,35,1,117,,,
240.0,2.5,0.0,3.75,2,44324581526.3,114,2,419,35,1,117,,,
240.0,2.5,0.0,3.75,3,44324581732.5,111,2,345,53,1,117,,,
240.0,2.5,0.0,3.75,4,44324581753.9,111,2,345,35,1,117,,,
240.0,2.5,0.0,3.75,5,44324581749.4,114,2,345,53,1,117,,,
240.0,5.0,0.0,3.75,1,19241269871.8,17,3,90,55,1,26,,,
240.0,5.0,0.0,3.75,2,19241269887.4,17,3,90,57,1,26,,,
240.0,5.0,0.0,3.75,3,19241270276.3,17,3,90,64,1,26,,,
240.0,5.0,0.0,3.75,4,19241270300.6,17,3,90,52,1,26,,,
240.0,5.0,0.0,3.75,5,19241270313.5,17,3,90,51,1,26,,,
240.0,7.5,0.0,3.75,1,12597818009.4,12,3,8,,,,25,5,6
240.0,7.5,0.0,3.75,2,12597818471.9,12,3,8,,,,23,5,6
240.0,7.5,0.0,3.75,3,12886972605.5,12,3,8,36,3,79,,,
240.0,7.5,0.0,3.75,4,12886972606.6,12,3,8,5,3,79,,,
240.0,7.5,0.0,3.75,5,12886972617.4,12,3,8,64,3,79,,,
240.0,10.0,0.0,3.75,1,11696524252.9,17,5,6,40,2,190,,,
240.0,10.0,0.0,3.75,2,11696524255.9,17,5,6,67,2,190,,,
240.0,10.0,0.0,3.75,3,11696524402.7,17,5,6,38,2,190,,,
240.0,10.0,0.0,3.75,4,11696524484.1,17,5,6,17,2,190,,,
240.0,10.0,0.0,3.75,5,11696524605.9,17,5,6,1,2,190,,,
240.0,-5.0,2.5,3.75,1,17292309314.5,79,5,11,14,3,41,,,
240.0,-5.0,2.5,3.75,2,17292309369.8,80,5,11,14,3,41,,,
240.0,-5.0,2.5,3.75,3,17292309445.9,137,5,11,14,3,41,,,
240.0,-5.0,2.5,3.75,4,17292309667.6,134,5,11,14,3,41,,,
240.0,-5.0,2.5,3.75,5,17292309829.2,132,5,11,14,3,41,,,
240.0,-2.5,2.5,3.75,1,20457826926.1,80,4,2,,,,18,5,25
240.0,-2.5,2.5,3.75,2,20457826953.0,79,4,2,,,,18,5,25
240.0,-2.5,2.5,3.75,3,20457827094.7,135,4,2,,,,18,5,25
240.0,-2.5,2.5,3.75,4,20457827099.3,137,4,2,,,,18,5,25
240.0,-2.5,2.5,3.75,5,20457827212.9,107,4,2,,,,18,5,25
240.0,0.0,2.5,3.75,1,30277112407.7,79,3,95,19,2,51,,,
240.0,0.0,2.5,3.75,2,30277112567.5,79,3,95,5,2,51,,,
240.0,0.0,2.5,3.75,3,30277112609.0,79,3,95,36,2,51,,,
240.0,0.0,2.5,3.75,4,30277112609.2,79,3,95,18,2,51,,,
240.0,0.0,2.5,3.75,5,30277112635.1,79,3,95,34,2,51,,,
240.0,2.5,2.5,3.75,1,36084943462.8,110,5,47,18,4,54,,,
240.0,2.5,2.5,3.75,2,36084943872.1,17,5,47,18,4,54,,,
240.0,2.5,2.5,3.75,3,36084943893.5,105,5,47,18,4,54,,,
240.0,2.5,2.5,3.75,4,36084943896.6,41,5,47,18,4,54,,,
240.0,2.5,2.5,3.75,5,36084943927.0,134,5,47,18,4,54,,,
240.0,5.0,2.5,3.75,1,24587981214.0,116,4,395,65,5,147,,,
240.0,5.0,2.5,3.75,2,25943808040.0,116,4,395,65,5,113,,,
240.0,5.0,2.5,3.75,3,25943808282.2,116,4,395,65,5,179,,,
240.0,5.0,2.5,3.75,4,25943808454.8,116,4,395,65,5,173,,,
240.0,5.0,2.5,3.75,5,25943808456.2,116,4,395,65,5,14,,,
240.0,7.5,2.5,3.75,1,20508531564.8,103,4,208,,,,17,5,17
240.0,7.5,2.5,3.75,2,20508531771.2,103,4,208,,,,22,5,17
240.0,7.5,2.5,3.75,3,20508531822.7,103,4,208,,,,18,5,17
240.0,7.5,2.5,3.75,4,20508532069.4,103,4,413,,,,17,5,17
240.0,7.5,2.5,3.75,5,20508532247.5,103,4,413,,,,23,5,17
240.0,10.0,2.5,3.75,1,10633789464.2,17,5,3,,,,17,5,25
240.0,10.0,2.5,3.75,2,10633789470.7,17,5,3,,,,22,5,25
240.0,10.0,2.5,3.75,3,10633789521.8,17,5,3,,,,18,5,25
240.0,10.0,2.5,3.75,4,10633794788.3,46,5,3,,,,17,5,25
240.0,10.0,2.5,3.75,5,10633794794.8,46,5,3,,,,22,5,25
240.0,-5.0,5.0,3.75,1,23205742774.5,102,5,95,2,1,1,,,
240.0,-5.0,5.0,3.75,2,23219487474.7,135,5,95,2,4,1,,,
240.0,-5.0,5.0,3.75,3,23219487569.0,137,5,95,2,4,1,,,
240.0,-5.0,5.0,3.75,4,23219487660.0,134,5,95,2,4,1,,,
240.0,-5.0,5.0,3.75,5,23219487673.0,110,5,95,2,4,1,,,
240.0,-2.5,5.0,3.75,1,24972508923.3,107,1,32,65,3,3,,,
240.0,-2.5,5.0,3.75,2,24972509011.5,103,1,32,65,3,3,,,
240.0,-2.5,5.0,3.75,3,24972509028.6,107,1,32,57,3,3,,,
240.0,-2.5,5.0,3.75,4,24972509047.1,106,1,32,65,3,3,,,
240.0,-2.5,5.0,3.75,5,24972509116.8,103,1,32,57,3,3,,,
240.0,0.0,5.0,3.75,1,27076653194.5,47,1,1,7,4,12,,,
240.0,0.0,5.0,3.75,2,27076653205.6,55,1,1,7,4,12,,,
240.0,0.0,5.0,3.75,3,27076653219.9,47,1,1,35,4,12,,,
240.0,0.0,5.0,3.75,4,27076653319.8,52,1,1,7,4,12,,,
240.0,0.0,5.0,3.75,5,27076653230.9,55,1,1,35,4,12,,,
240.0,2.5,5.0,3.75,1,31322776958.3,32,1,11,4,4,126,,,
240.0,2.5,5.0,3.75,2,31322777077.2,32,1,11,1,4,126,,,
240.0,2.5,5.0,3.75,3,31322777147.8,32,1,11,5,4,126,,,
240.0,2.5,5.0,3.75,4,31322776898.1,107,1,11,4,4,72,,,
240.0,2.5,5.0,3.75,5,31322776920.9,106,1,11,4,4,72,,,
240.0,5.0,5.0,3.75,1,20805189169.6,111,2,42,,,,15,6,6
240.0,5.0,5.0,3.75,2,20805190290.5,111,2,42,,,,25,6,6
240.0,5.0,5.0,3.75,3,20944733613.4,133,3,42,38,1,3,,,
240.0,5.0,5.0,3.75,4,20944733759.7,133,3,42,44,1,3,,,
240.0,5.0,5.0,3.75,5,20944733768.6,133,3,42,40,1,3,,,
240.0,7.5,5.0,3.75,1,22769444361.4,43,5,385,38,2,98,,,
240.0,7.5,5.0,3.75,2,22771603540.1,44,5,385,38,2,98,,,
240.0,7.5,5.0,3.75,3,22769444410.4,43,5,385,44,2,98,,,
240.0,7.5,5.0,3.75,4,22769444481.7,43,5,385,18,2,98,,,
240.0,7.5,5.0,3.75,5,22769444536.0,43,5,385,17,2,98,,,
240.0,10.0,5.0,3.75,1,14465196819.9,116,1,3,43,2,37,,,
240.0,10.0,5.0,3.75,2,14465197191.4,116,1,3,9,2,37,,,
240.0,10.0,5.0,3.75,3,14465197371.8,116,1,3,10,2,37,,,
240.0,10.0,5.0,3.75,4,14465188006.3,46,1,3,43,2,37,,,
240.0,10.0,5.0,3.75,5,14465188051.5,137,1,3,43,2,37,,,
240.0,2.5,2.5,16.25,1,428968051.586,52,1,1,53,3,23,,,
240.0,2.5,2.5,16.25,2,429027298.693,52,1,1,65,3,3,,,
240.0,2.5,2.5,16.25,3,429322794.757,52,1,1,65,3,116,,,
240.0,2.5,2.5,16.25,4,429327657.53,52,1,1,53,3,116,,,
240.0,2.5,2.5,16.25,5,429560038.137,52,1,1,65,3,140,,,
300.0,-5.0,-10.0,3.75,1,16616809422.1,31,5,24,51,3,126,,,
300.0,-5.0,-10.0,3.75,2,16616808823.7,17,5,24,54,1,7,,,
300.0,-5.0,-10.0,3.75,3,16616808835.3,17,5,24,54,5,46,,,
300.0,-5.0,-10.0,3.75,4,16616808840.3,17,5,24,54,5,77,,,
300.0,-5.0,-10.0,3.75,5,16616808856.1,17,5,24,54,5,14,,,
300.0,-2.5,-10.0,3.75,1,10901773157.2,44,3,24,,,,22,5,33
300.0,-2.5,-10.0,3.75,2,10901773163.1,44,3,24,,,,22,5,30
300.0,-2.5,-10.0,3.75,3,10901773163.8,44,3,24,,,,22,5,16
300.0,-2.5,-10.0,3.75,4,10901773166.3,44,3,24,,,,22,5,21
300.0,-2.5,-10.0,3.75,5,10901773184.5,44,3,24,,,,22,5,9
300.0,0.0,-10.0,3.75,1,11281229237.6,102,5,4,61,5,65,,,
300.0,0.0,-10.0,3.75,2,11281229239.9,102,5,4,61,5,98,,,
300.0,0.0,-10.0,3.75,3,11281229240.9,102,5,4,61,1,37,,,
300.0,0.0,-10.0,3.75,4,11281229241.0,102,5,4,61,5,176,,,
300.0,0.0,-10.0,3.75,5,11281229241.6,102,5,4,61,1,181,,,
300.0,2.5,-10.0,3.75,1,14094618135.0,108,4,66,,,,29,5,21
300.0,2.5,-10.0,3.75,2,14094782257.9,108,4,66,,,,29,5,34
300.0,2.5,-10.0,3.75,3,14094952852.6,108,4,66,,,,29,5,20
300.0,2.5,-10.0,3.75,4,14094618344.3,134,4,66,,,,29,5,21
300.0,2.5,-10.0,3.75,5,14094618386.4,132,4,66,,,,29,5,21
300.0,5.0,-10.0,3.75,1,23380593409.3,106,1,61,,,,23,5,9
300.0,5.0,-10.0,3.75,2,23380593458.1,106,1,219,,,,23,5,9
300.0,5.0,-10.0,3.75,3,23380593544.1,106,1,51,,,,23,5,9
300.0,5.0,-10.0,3.75,4,23380593560.4,106,1,95,,,,23,5,9
300.0,5.0,-10.0,3.75,5,23380593569.8,106,1,21,,,,23,5,9
300.0,7.5,-10.0,3.75,1,23415958449.1,28,5,108,65,3,126,,,
300.0,7.5,-10.0,3.75,2,23415958471.4,28,5,108,53,3,126,,,
300.0,7.5,-10.0,3.75,3,23456551932.6,28,5,108,65,3,25,,,
300.0,7.5,-10.0,3.75,4,23456551954.9,28,5,108,53,3,25,,,
300.0,7.5,-10.0,3.75,5,23977232014.9,30,5,108,65,3,126,,,
300.0,10.0,-10.0,3.75,1,21497696561.3,126,2,50,5,4,199,,,
300.0,10.0,-10.0,3.75,2,21497696586.2,126,2,50,4,4,199,,,
300.0,10.0,-10.0,3.75,3,21497697255.5,126,2,50,4,4,29,,,
300.0,10.0,-10.0,3.75,4,21497710309.8,126,2,50,5,4,63,,,
300.0,10.0,-10.0,3.75,5,21497710334.7,126,2,50,4,4,63,,,
300.0,-5.0,-7.5,3.75,1,15050066568.7,17,5,21,60,5,29,,,
300.0,-5.0,-7.5,3.75,2,15050066590.4,17,5,21,60,5,26,,,
300.0,-5.0,-7.5,3.75,3,15050066594.4,17,5,21,60,5,145,,,
300.0,-5.0,-7.5,3.75,4,15050066601.4,17,5,21,60,5,174,,,
300.0,-5.0,-7.5,3.75,5,15050066601.8,17,5,21,60,3,4,,,
300.0,-2.5,-7.5,3.75,1,12390166371.8,79,3,5,,,,23,5,30
300.0,-2.5,-7.5,3.75,2,12390176704.9,79,3,5,,,,23,5,33
300.0,-2.5,-7.5,3.75,3,12390245981.8,79,3,5,,,,23,5,35
300.0,-2.5,-7.5,3.75,4,12390374800.4,79,3,5,,,,23,5,5
300.0,-2.5,-7.5,3.75,5,12390854509.7,79,3,5,,,,23,5,25
300.0,0.0,-7.5,3.75,1,18718019903.6,110,5,95,66,5,126,,,
300.0,0.0,-7.5,3.75,2,18718037392.0,110,5,95,66,5,2,,,
300.0,0.0,-7.5,3.75,3,18718038289.0,110,5,95,66,5,145,,,
300.0,0.0,-7.5,3.75,4,18718084038.1,110,5,95,66,5,98,,,
300.0,0.0,-7.5,3.75,5,18718095373.1,110,5,95,66,5,10,,,
300.0,2.5,-7.5,3.75,1,22570428442.4,114,2,204,,,,32,6,14
300.0,2.5,-7.5,3.75,2,22570428485.3,114,2,405,,,,32,6,14
300.0,2.5,-7.5,3.75,3,22570428590.9,111,2,405,,,,32,6,14
300.0,2.5,-7.5,3.75,4,22572614792.7,111,2,405,,,,31,6,14
300.0,2.5,-7.5,3.75,5,22570428544.3,114,2,403,,,,32,6,14
300.0,5.0,-7.5,3.75,1,22330893946.9,123,5,8,,,,23,5,22
300.0,5.0,-7.5,3.75,2,22330916827.2,123,5,8,,,,23,5,17
300.0,5.0,-7.5,3.75,3,22330912555.1,109,5,8,10,3,36,,,
300.0,5.0,-7.5,3.75,4,22330912583.9,109,5,8,14,3,36,,,
300.0,5.0,-7.5,3.75,5,22330912587.5,109,5,8,13,3,36,,,
300.0,7.5,-7.5,3.75,1,30058826211.2,108,4,289,,,,18,5,21
300.0,7.5,-7.5,3.75,2,30058826214.3,108,4,289,,,,22,5,21
300.0,7.5,-7.5,3.75,3,30058826220.0,108,4,104,,,,18,5,21
300.0,7.5,-7.5,3.75,4,30058826361.0,103,4,104,,,,18,5,21
300.0,7.5,-7.5,3.75,5,30058826223.1,108,4,104,,,,22,5,21
300.0,10.0,-7.5,3.75,1,11649875539.6,70,4,66,,,,23,5,17
300.0,10.0,-7.5,3.75,2,11649875725.6,70,4,66,7,4,4,,,
300.0,10.0,-7.5,3.75,3,11649875798.8,70,4,66,6,4,4,,,
300.0,10.0,-7.5,3.75,4,11649875876.4,70,4,66,7,4,7,,,
300.0,10.0,-7.5,3.75,5,11649875908.5,70,4,66,53,1,4,,,
300.0,-5.0,-5.0,3.75,1,36858328181.6,106,4,7,66,5,126,,,
300.0,-5.0,-5.0,3.75,2,36858328367.4,108,4,7,66,5,126,,,
300.0,-5.0,-5.0,3.75,3,36861694141.7,106,4,7,66,5,145,,,
300.0,-5.0,-5.0,3.75,4,36861694327.5,108,4,7,66,5,145,,,
300.0,-5.0,-5.0,3.75,5,36858328407.5,107,4,7,66,5,126,,,
300.0,-2.5,-5.0,3.75,1,31757276942.9,70,4,400,53,1,4,,,
300.0,-2.5,-5.0,3.75,2,31757276966.5,72,4,400,53,1,4,,,
300.0,-2.5,-5.0,3.75,3,31757277632.7,116,4,400,53,1,4,,,
300.0,-2.5,-5.0,3.75,4,31757277193.7,46,4,400,53,1,4,,,
300.0,-2.5,-5.0,3.75,5,31757284806.8,138,4,400,53,3,4,,,
300.0,0.0,-5.0,3.75,1,23498733868.0,52,1,7,15,3,5,,,
300.0,0.0,-5.0,3.75,2,23498733872.5,52,1,7,13,3,5,,,
300.0,0.0,-5.0,3.75,3,23498733874.5,55,1,7,15,3,5,,,
300.0,0.0,-5.0,3.75,4,23498733879.0,55,1,7,13,3,5,,,
300.0,0.0,-5.0,3.75,5,23498733887.9,47,1,7,15,3,5,,,
300.0,2.5,-5.0,3.75,1,31526492188.7,41,3,124,2,4,1,,,
300.0,2.5,-5.0,3.75,2,31526492207.8,41,3,345,2,4,1,,,
300.0,2.5,-5.0,3.75,3,31526492300.3,12,3,269,2,1,1,,,
300.0,2.5,-5.0,3.75,4,31526492238.9,41,3,269,2,4,1,,,
300.0,2.5,-5.0,3.75,5,31526492242.3,41,3,211,2,4,1,,,
300.0,5.0,-5.0,3.75,1,30008169169.2,31,2,16,,,,25,5,15
300.0,5.0,-5.0,3.75,2,30008169201.4,29,2,16,,,,25,5,15
300.0,5.0,-5.0,3.75,3,30008169210.3,30,2,16,,,,25,5,15
300.0,5.0,-5.0,3.75,4,30008169211.8,32,2,16,,,,25,5,15
300.0,5.0,-5.0,3.75,5,30008169269.4,28,2,16,,,,25,5,15
300.0,7.5,-5.0,3.75,1,20597266810.8,12,3,7,66,5,98,,,
300.0,7.5,-5.0,3.75,2,20597266878.8,12,3,7,15,3,98,,,
300.0,7.5,-5.0,3.75,3,20597266934.9,12,3,7,13,3,98,,,
300.0,7.5,-5.0,3.75,4,20597266937.7,12,3,7,14,3,98,,,
300.0,7.5,-5.0,3.75,5,20604145317.8,12,3,7,15,3,153,,,
300.0,10.0,-5.0,3.75,1,12797708483.1,110,5,3,,,,17,5,15
300.0,10.0,-5.0,3.75,2,12797708509.4,110,5,3,,,,22,5,15
300.0,10.0,-5.0,3.75,3,12797708519.2,110,5,3,,,,18,5,15
300.0,10.0,-5.0,3.75,4,12797930319.4,110,5,3,,,,17,5,20
300.0,10.0,-5.0,3.75,5,12798187337.6,110,5,3,,,,17,5,21
300.0,-5.0,-2.5,3.75,1,25721504446.7,123,5,3,15,3,7,,,
300.0,-5.0,-2.5,3.75,2,25721504458.3,123,5,232,15,3,7,,,
300.0,-5.0,-2.5,3.75,3,25721504512.7,123,5,1,15,3,7,,,
300.0,-5.0,-2.5,3.75,4,25721504540.1,123,5,84,15,3,7,,,
300.0,-5.0,-2.5,3.75,5,25721504561.5,123,5,235,15,3,7,,,
300.0,-2.5,-2.5,3.75,1,21264462545.6,123,5,2,17,4,36,,,
300.0,-2.5,-2.5,3.75,2,21264462626.5,79,5,2,17,4,36,,,
300.0,-2.5,-2.5,3.75,3,21264462738.1,110,5,2,17,4,36,,,
300.0,-2.5,-2.5,3.75,4,21264462759.2,104,5,2,17,4,36,,,
300.0,-2.5,-2.5,3.75,5,21264462812.8,105,5,2,17,4,36,,,
300.0,0.0,-2.5,3.75,1,33402017829.3,138,1,66,17,5,158,,,
300.0,0.0,-2.5,3.75,2,33402017931.5,79,5,66,17,4,158,,,
300.0,0.0,-2.5,3.75,3,33402017984.4,79,5,66,33,4,158,,,
300.0,0.0,-2.5,3.75,4,33402018479.8,114,2,66,17,5,158,,,
300.0,0.0,-2.5,3.75,5,33402018554.7,111,2,66,17,5,158,,,
300.0,2.5,-2.5,3.75,1,31994017289.9,79,3,398,32,3,78,,,
300.0,2.5,-2.5,3.75,2,31994017435.8,41,3,398,32,3,78,,,
300.0,2.5,-2.5,3.75,3,31994017817.1,43,3,398,32,3,78,,,
300.0,2.5,-2.5,3.75,4,31994017896.0,44,3,398,32,3,78,,,
300.0,2.5,-2.5,3.75,5,31994017401.0,79,3,398,33,3,78,,,
300.0,5.0,-2.5,3.75,1,25448927190.2,111,2,1,,,,25,6,14
300.0,5.0,-2.5,3.75,2,25448927287.2,114,2,1,,,,25,6,14
300.0,5.0,-2.5,3.75,3,25448927336.0,111,2,1,,,,15,6,14
300.0,5.0,-2.5,3.75,4,25448927433.0,114,2,1,,,,15,6,14
300.0,5.0,-2.5,3.75,5,25448927480.6,111,2,1,,,,31,6,14
300.0,7.5,-2.5,3.75,1,13431875260.0,17,5,97,61,3,15,,,
300.0,7.5,-2.5,3.75,2,13431875312.6,17,5,97,52,3,15,,,
300.0,7.5,-2.5,3.75,3,13431875322.9,17,5,97,51,3,15,,,
300.0,7.5,-2.5,3.75,4,13431875383.1,17,5,97,57,3,15,,,
300.0,7.5,-2.5,3.75,5,13431875385.3,17,5,97,55,3,15,,,
300.0,10.0,-2.5,3.75,1,10485644559.9,17,3,4,58,4,136,,,
300.0,10.0,-2.5,3.75,2,10485644694.8,17,3,4,18,4,136,,,
300.0,10.0,-2.5,3.75,3,10485644741.1,17,3,4,36,4,136,,,
300.0,10.0,-2.5,3.75,4,10485644820.3,17,3,4,5,4,136,,,
300.0,10.0,-2.5,3.75,5,10485644866.7,17,3,4,4,4,136,,,
300.0,-5.0,0.0,3.75,1,23937474096.9,108,1,21,58,3,149,,,
300.0,-5.0,0.0,3.75,2,23937474239.4,138,1,21,58,3,149,,,
300.0,-5.0,0.0,3.75,3,23937474263.5,107,1,21,58,3,149,,,
300.0,-5.0,0.0,3.75,4,23937474273.0,79,1,21,58,3,149,,,
300.0,-5.0,0.0,3.75,5,23937474297.9,80,1,21,58,3,149,,,
300.0,-2.5,0.0,3.75,1,31361045533.7,80,5,235,32,2,57,,,
300.0,-2.5,0.0,3.75,2,31361045541.3,41,5,235,32,2,57,,,
300.0,-2.5,0.0,3.75,3,31361045583.2,80,5,5,32,2,57,,,
300.0,-2.5,0.0,3.75,4,31361045477.9,80,5,345,5,2,57,,,
300.0,-2.5,0.0,3.75,5,31361045485.5,41,5,345,5,2,57,,,
300.0,0.0,0.0,3.75,1,21504486650.9,111,2,32,63,1,15,,,
300.0,0.0,0.0,3.75,2,21504486666.4,111,2,32,58,1,15,,,
300.0,0.0,0.0,3.75,3,21504486668.5,111,2,32,57,1,15,,,
300.0,0.0,0.0,3.75,4,21504486669.2,111,2,32,55,1,15,,,
300.0,0.0,0.0,3.75,5,21504486672.6,111,2,32,59,1,15,,,
300.0,2.5,0.0,3.75,1,40262803728.2,123,5,3,2,4,1,,,
300.0,2.5,0.0,3.75,2,40262803806.6,44,4,3,2,4,1,,,
300.0,2.5,0.0,3.75,3,40262803832.1,12,3,3,2,4,1,,,
300.0,2.5,0.0,3.75,4,40262803894.8,46,4,3,2,4,1,,,
300.0,2.5,0.0,3.75,5,40262803916.7,43,4,3,2,4,1,,,
300.0,5.0,0.0,3.75,1,23114290047.5,93,4,1,43,3,17,,,
300.0,5.0,0.0,3.75,2,23114290417.0,93,4,280,1,4,17,,,
300.0,5.0,0.0,3.75,3,23114290477.4,93,4,280,7,4,17,,,
300.0,5.0,0.0,3.75,4,23114290167.6,93,4,61,43,3,17,,,
300.0,5.0,0.0,3.75,5,23114290182.8,93,4,133,43,3,17,,,
300.0,7.5,0.0,3.75,1,13762435499.3,17,3,7,66,5,145,,,
300.0,7.5,0.0,3.75,2,15188528949.6,107,4,7,66,5,145,,,
300.0,7.5,0.0,3.75,3,15263875988.5,107,4,7,66,5,139,,,
300.0,7.5,0.0,3.75,4,16027383223.0,103,4,7,66,5,145,,,
300.0,7.5,0.0,3.75,5,16102730261.9,103,4,7,66,5,139,,,
300.0,10.0,0.0,3.75,1,11949310180.1,17,3,4,18,2,135,,,
300.0,10.0,0.0,3.75,2,11949310437.8,17,3,4,36,2,135,,,
300.0,10.0,0.0,3.75,3,11949310533.9,17,3,4,17,2,135,,,
300.0,10.0,0.0,3.75,4,11949310560.0,17,3,4,5,2,135,,,
300.0,10.0,0.0,3.75,5,11949310576.9,17,3,4,8,2,135,,,
300.0,-5.0,2.5,3.75,1,28460390383.5,107,1,13,1,5,90,,,
300.0,-5.0,2.5,3.75,2,28460390402.7,103,1,13,1,5,90,,,
300.0,-5.0,2.5,3.75,3,28460390409.7,108,1,13,1,5,90,,,
300.0,-5.0,2.5,3.75,4,28460390470.8,106,1,13,1,5,90,,,
300.0,-5.0,2.5,3.75,5,28460390532.2,117,1,13,1,5,90,,,
300.0,-2.5,2.5,3.75,1,25775930295.7,12,3,3,59,1,35,,,
300.0,-2.5,2.5,3.75,2,25775930318.8,12,3,3,61,1,35,,,
300.0,-2.5,2.5,3.75,3,25775930321.1,12,3,3,56,1,35,,,
300.0,-2.5,2.5,3.75,4,25775930338.3,12,3,3,51,1,35,,,
300.0,-2.5,2.5,3.75,5,25775930347.4,12,3,3,52,1,35,,,
300.0,0.0,2.5,3.75,1,23363823189.3,79,3,5,,,,23,5,18
300.0,0.0,2.5,3.75,2,23384474949.6,137,1,5,,,,23,5,18
300.0,0.0,2.5,3.75,3,23384475052.9,135,1,5,,,,23,5,18
300.0,0.0,2.5,3.75,4,23384475148.9,138,1,5,,,,23,5,18
300.0,0.0,2.5,3.75,5,23384475392.7,118,1,5,,,,23,5,18
300.0,2.5,2.5,3.75,1,23193558378.7,44,5,132,5,4,119,,,
300.0,2.5,2.5,3.75,2,23193558412.5,44,5,132,4,4,119,,,
300.0,2.5,2.5,3.75,3,23193558449.4,44,5,132,6,4,159,,,
300.0,2.5,2.5,3.75,4,23193558476.1,44,5,132,6,4,173,,,
300.0,2.5,2.5,3.75,5,23193558513.6,44,5,132,6,4,91,,,
300.0,5.0,2.5,3.75,1,18722547398.4,134,4,8,5,3,145,,,
300.0,5.0,2.5,3.75,2,18722547436.2,134,4,8,43,3,145,,,
300.0,5.0,2.5,3.75,3,18722547468.4,134,4,8,4,3,145,,,
300.0,5.0,2.5,3.75,4,18722547490.5,134,4,8,34,3,145,,,
300.0,5.0,2.5,3.75,5,18722547523.5,134,4,8,61,3,145,,,
300.0,7.5,2.5,3.75,1,10444766431.3,79,1,2,,,,18,5,17
300.0,7.5,2.5,3.75,2,10444766461.9,79,1,2,,,,22,5,17
300.0,7.5,2.5,3.75,3,10444766794.0,79,1,2,,,,23,5,17
300.0,7.5,2.5,3.75,4,10950169412.8,79,1,6,,,,25,5,17
300.0,7.5,2.5,3.75,5,10950169452.0,79,1,6,,,,18,5,17
300.0,10.0,2.5,3.75,1,11302898278.8,17,3,21,54,2,110,,,
300.0,10.0,2.5,3.75,2,11302898348.7,17,3,21,43,2,110,,,
300.0,10.0,2.5,3.75,3,11302898511.1,17,3,21,67,2,110,,,
300.0,10.0,2.5,3.75,4,11303164852.0,138,4,21,54,2,110,,,
300.0,10.0,2.5,3.75,5,11303164921.9,138,4,21,43,2,110,,,
300.0,-5.0,5.0,3.75,1,25486382228.5,126,2,150,,,,25,5,15
300.0,-5.0,5.0,3.75,2,25486382501.0,111,2,150,,,,25,5,33
300.0,-5.0,5.0,3.75,3,25486382260.2,127,2,150,,,,25,5,15
300.0,-5.0,5.0,3.75,4,25486382295.0,128,2,150,,,,25,5,15
300.0,-5.0,5.0,3.75,5,25486382517.5,111,2,150,,,,25,5,15
300.0,-2.5,5.0,3.75,1,33650542764.5,12,3,197,32,4,79,,,
300.0,-2.5,5.0,3.75,2,33650542813.8,12,3,197,18,4,79,,,
300.0,-2.5,5.0,3.75,3,33650542814.5,53,3,197,32,4,79,,,
300.0,-2.5,5.0,3.75,4,33650543231.8,53,3,276,32,4,79,,,
300.0,-2.5,5.0,3.75,5,33650543262.4,53,3,16,32,4,79,,,
300.0,0.0,5.0,3.75,1,30171822235.6,135,5,41,1,2,81,,,
300.0,0.0,5.0,3.75,2,30171822080.0,137,5,41,1,2,81,,,
300.0,0.0,5.0,3.75,3,30171822363.2,132,5,41,1,2,81,,,
300.0,0.0,5.0,3.75,4,30171822434.0,134,5,41,1,2,81,,,
300.0,0.0,5.0,3.75,5,30171822435.2,102,5,41,1,2,81,,,
300.0,2.5,5.0,3.75,1,26729894400.3,105,5,3,58,4,6,,,
300.0,2.5,5.0,3.75,2,26729894448.5,105,5,3,58,4,63,,,
300.0,2.5,5.0,3.75,3,26729894589.6,105,5,3,7,4,6,,,
300.0,2.5,5.0,3.75,4,26729894637.8,105,5,3,7,4,63,,,
300.0,2.5,5.0,3.75,5,26729894559.1,105,5,3,58,4,164,,,
300.0,5.0,5.0,3.75,1,12711786486.0,46,5,49,2,1,1,,,
300.0,5.0,5.0,3.75,2,12766272961.7,46,5,3,2,1,1,,,
300.0,5.0,5.0,3.75,3,13558903741.5,41,3,41,2,4,1,,,
300.0,5.0,5.0,3.75,4,13612221520.4,79,3,41,2,4,1,,,
300.0,5.0,5.0,3.75,5,13633681612.4,79,3,65,2,4,1,,,
300.0,7.5,5.0,3.75,1,14417077349.1,103,1,4,10,2,189,,,
300.0,7.5,5.0,3.75,2,14417077473.1,103,1,4,18,2,189,,,
300.0,7.5,5.0,3.75,3,14417077700.2,103,1,4,44,2,189,,,
300.0,7.5,5.0,3.75,4,14417077791.9,103,1,4,40,2,189,,,
300.0,7.5,5.0,3.75,5,14417077798.3,103,1,4,36,2,189,,,
300.0,10.0,5.0,3.75,1,13532475485.6,108,4,21,43,5,126,,,
300.0,10.0,5.0,3.75,2,13532475630.3,103,4,21,43,5,126,,,
300.0,10.0,5.0,3.75,3,13532475638.2,106,4,21,43,5,126,,,
300.0,10.0,5.0,3.75,4,13532475935.3,110,5,21,43,5,126,,,
300.0,10.0,5.0,3.75,5,13532476059.9,107,4,21,43,5,126,,,
300.0,10.0,-10.0,16.25,1,901.2725,108,4,7,66,5,80,,,
300.0,10.0,-10.0,16.25,2,907.977,108,4,7,66,5,145,,,
300.0,10.0,-10.0,16.25,3,908.6831,108,4,7,66,5,179,,,
300.0,10.0,-10.0,16.25,4,909.0121,108,4,7,66,5,98,,,
300.0,10.0,-10.0,16.25,5,909.2944,108,4,7,14,3,81,,,